0,1,2,3,4,5,6,7,8,9,10,11,0
46810020.0,29158640.0,46301930.0,115.19,116.04,117.64,115.39,116.94,117.69,112.85,115.51,115.08,115.19
36151450.0,28507780.0,27054320.0,111.6,110.78,111.43,112.2,112.03,112.47,110.27,110.07,111.39,111.6
26330070.0,27391950.0,27377960.0,157.5,157.86,160.52,157.89,159.5,160.71,155.11,156.72,157.84,157.5
35617230.0,27850370.0,28331540.0,164.0,164.12,162.62,164.33,165.73,165.42,160.63,163.37,162.41,164.0
41483490.0,44054640.0,49250500.0,240.34,246.5,255.6,245.15,248.72,262.49,236.9,239.13,252.0,240.34
44054640.0,49250500.0,41994110.0,246.5,255.6,250.74,248.72,262.49,255.52,239.13,252.0,249.4,246.5
21561320.0,25100510.0,22858840.0,175.03,174.78,173.41,176.19,175.84,175.0,174.83,173.85,173.04,175.03
23946880.0,19216820.0,20059570.0,212.0,208.39,206.43,213.97,209.48,206.98,211.51,207.32,204.22,212.0
66118950.0,24205100.0,28601630.0,354.64,351.41,355.15,356.56,353.45,355.4,345.15,349.22,351.09,354.64
23751690.0,21532200.0,20523870.0,173.16,174.55,174.35,174.3,175.06,175.61,173.0,173.41,173.93,173.16
48846060.0,23637310.0,44866280.0,158.47,158.99,159.87,160.97,159.4,159.96,158.0,158.09,157.91,158.47
64827330.0,45751160.0,22010360.0,209.88,203.06,204.4,215.31,203.4,205.97,209.23,199.11,203.86,209.88
29164190.0,28310840.0,27623150.0,110.12,109.72,109.81,111.99,110.54,110.35,110.01,109.66,108.83,110.12
61681250.0,76562170.0,56111590.0,110.23,110.15,112.03,112.34,111.88,114.53,109.13,107.36,112.0,110.23
52960810.0,79356010.0,63000140.0,98.41,96.2,97.96,98.65,97.71,100.48,95.5,95.36,95.74,98.41
56005550.0,50061580.0,35678360.0,116.44,113.25,113.63,116.69,115.5,114.72,114.02,112.37,113.3,116.44
40323020.0,49979700.0,42288790.0,94.19,93.79,95.92,94.5,94.72,96.35,93.01,92.59,94.1,94.19
44434220.0,32970790.0,30386830.0,111.29,110.82,112.73,111.52,112.45,112.75,109.56,110.68,111.44,111.29
34135230.0,43233950.0,46559730.0,119.2,117.64,115.76,119.92,119.75,117.49,118.85,116.76,115.5,119.2
133059000.0,71937310.0,51529980.0,96.04,99.93,101.52,96.63,100.88,101.53,93.34,98.07,99.21,96.04
25111310.0,17170490.0,20859830.0,149.99,151.5,150.48,150.44,151.74,151.42,148.88,150.19,149.95,149.99
33829290.0,33009110.0,39483400.0,120.96,121.11,121.85,121.81,121.81,122.69,120.05,120.62,120.18,120.96
41626820.0,36191330.0,46271660.0,190.0,190.5,188.39,190.7,194.97,191.97,184.99,189.46,186.9,190.0
18131970.0,14244050.0,26043820.0,116.52,115.59,116.35,117.8,116.52,116.51,116.49,115.59,115.64,116.52
38236730.0,40026250.0,25058280.0,104.61,103.96,101.91,106.31,105.18,102.91,104.59,103.85,101.78,104.61
30684390.0,22526310.0,29773430.0,186.51,183.08,184.28,191.92,185.47,184.99,185.77,182.15,181.14,186.51
51368540.0,32395870.0,27052000.0,177.25,177.3,177.3,177.3,179.44,177.78,173.2,176.82,176.6,177.25
60800480.0,39914850.0,26147280.0,163.25,156.25,155.79,166.15,158.13,156.33,160.23,154.11,153.66,163.25
33935720.0,21673390.0,17618870.0,208.76,208.46,207.48,210.16,210.64,209.73,207.31,208.44,207.14,208.76
18527000.0,24110330.0,21550270.0,142.9,143.02,143.69,144.75,143.5,144.79,142.9,142.41,142.72,142.9
29663910.0,28510370.0,27684310.0,370.0,367.85,365.12,375.78,370.47,367.36,369.87,363.64,363.91,370.0
32661520.0,51314210.0,34380630.0,353.25,364.41,360.7,362.17,365.32,365.0,351.28,353.02,357.57,353.25
15955820.0,20670830.0,20182050.0,190.68,191.78,189.69,191.96,192.43,192.55,189.56,190.17,189.69,190.68
27738580.0,20543190.0,21654750.0,199.2,200.85,198.68,200.14,201.0,200.74,196.21,198.44,198.18,199.2
31154910.0,19354440.0,25568350.0,104.89,106.0,105.47,107.79,106.19,106.25,104.88,105.06,104.89,104.89
25686350.0,32345430.0,35454230.0,106.48,105.25,105.93,107.07,107.29,107.65,105.9,105.21,105.14,106.48
26167950.0,27942430.0,23141260.0,189.49,187.74,186.55,190.06,190.37,187.4,187.45,187.65,185.22,189.49
16956290.0,25129510.0,29422610.0,173.5,175.11,175.11,174.5,175.38,176.1,173.4,174.27,173.14,173.5
36340670.0,35850010.0,29608390.0,112.46,113.16,113.69,113.37,113.8,114.64,111.8,111.8,113.43,112.46
21007650.0,15957630.0,25897340.0,208.5,204.1,207.86,209.32,205.72,208.55,206.66,203.32,203.53,208.5
49904460.0,53142590.0,61681250.0,108.97,112.49,110.23,110.45,112.78,112.34,108.51,110.04,109.13,108.97
38399530.0,33449100.0,28236270.0,319.25,316.77,316.14,321.15,323.44,318.71,316.47,315.63,313.09,319.25
37080720.0,43218350.0,58279570.0,116.25,115.93,116.58,116.54,116.53,116.89,115.44,114.42,114.86,116.25
18325720.0,17117710.0,17290900.0,143.91,143.5,142.44,144.9,143.95,142.68,143.87,143.18,141.85,143.91
28784550.0,33507770.0,31961120.0,222.21,227.96,230.78,224.8,228.41,232.35,220.2,220.58,226.73,222.21
28321440.0,22941650.0,38158410.0,131.65,131.35,130.54,132.45,132.22,132.09,131.12,131.22,130.45,131.65
17186760.0,23129400.0,19966590.0,188.23,188.77,186.35,189.65,188.84,188.5,187.65,186.21,185.76,188.23
32395870.0,27052000.0,31306390.0,177.3,177.3,178.61,179.44,177.78,179.58,176.82,176.6,177.41,177.3
123601900.0,69639900.0,42832890.0,117.42,121.5,122.6,117.7,122.57,122.64,113.25,117.52,120.91,117.42
32191070.0,32130360.0,24518850.0,180.29,177.96,175.48,182.39,180.0,177.12,180.21,177.39,175.07,180.29
20940020.0,23793830.0,31644240.0,171.05,168.99,172.4,171.21,170.66,173.94,169.25,168.42,170.34,171.05
27526040.0,36192150.0,31851180.0,96.05,93.98,96.4,96.76,96.38,96.5,95.25,93.32,94.55,96.05
20565620.0,28157630.0,48846060.0,159.51,160.11,158.47,159.77,160.5,160.97,158.44,158.0,158.0,159.51
16935220.0,27316740.0,31110640.0,201.41,203.17,198.68,203.13,204.49,199.5,201.36,200.65,197.05,201.41
57430620.0,41208710.0,34908610.0,187.71,197.42,200.4,189.48,198.85,201.68,182.85,192.77,196.66,187.71
21910700.0,20254650.0,38399530.0,320.75,317.75,319.25,323.44,322.35,321.15,318.93,317.21,316.47,320.75
23985960.0,24755470.0,20755140.0,170.32,173.87,174.67,173.07,174.44,175.49,169.5,172.02,173.94,170.32
70583530.0,54145930.0,51467440.0,157.07,160.29,163.09,157.89,161.0,163.4,150.24,155.03,159.07,157.07
45765970.0,34320200.0,28001190.0,289.96,284.73,285.08,294.53,289.67,285.83,288.35,283.89,278.2,289.96
23243160.0,22727370.0,27308200.0,193.25,191.09,191.64,196.5,194.46,191.68,193.15,191.05,188.38,193.25
29706720.0,34154130.0,43496400.0,323.52,315.31,304.3,324.76,319.64,313.49,318.95,313.63,302.22,323.52
22115100.0,21081620.0,28769220.0,115.92,115.85,115.8,116.86,116.51,116.33,115.81,115.75,114.76,115.92
32503750.0,53812480.0,39281290.0,277.95,284.69,287.38,281.68,286.95,288.2,276.85,276.86,282.35,277.95
38116290.0,41464880.0,39824200.0,167.81,167.25,173.68,171.75,170.02,175.15,166.9,165.19,166.92,167.81
20059570.0,21162560.0,21007650.0,206.43,210.16,208.5,206.98,210.45,209.32,204.22,207.2,206.66,206.43
30480880.0,40653460.0,30521720.0,311.85,316.7,311.64,315.5,317.57,317.07,309.55,312.17,311.15,311.85
39075250.0,41438280.0,51368540.0,172.0,174.51,177.25,172.0,174.95,177.3,170.06,170.53,173.2,172.0
44811800.0,48032600.0,40323020.0,96.67,95.02,94.19,98.21,96.85,94.5,96.15,94.61,93.01,96.67
30237640.0,37425640.0,38116290.0,167.64,167.88,167.81,168.75,168.94,171.75,164.88,164.47,166.9,167.64
75900510.0,71882770.0,84188210.0,250.75,236.36,228.08,258.25,247.69,228.5,244.3,234.3,212.61,250.75
36191330.0,46271660.0,60547340.0,190.5,188.39,193.9,194.97,191.97,194.48,189.46,186.9,185.93,190.5
33498270.0,20783460.0,14198660.0,145.1,144.09,143.92,147.2,144.3,144.16,144.96,143.27,143.31,145.1
36299460.0,56293490.0,38258300.0,99.44,99.68,98.67,100.47,100.73,99.74,99.25,98.64,98.11,99.44
27850370.0,28331540.0,33674960.0,164.12,162.62,165.67,165.73,165.42,166.33,163.37,162.41,161.22,164.12
22692880.0,28802550.0,30280450.0,222.3,218.93,221.16,222.64,222.99,221.83,219.34,216.76,217.27,222.3
19636390.0,17426160.0,16543880.0,189.5,185.42,185.26,190.68,188.43,186.41,189.3,185.2,184.28,189.5
26781730.0,30148360.0,33770220.0,105.58,104.81,106.05,106.0,105.84,106.07,105.28,104.77,104.0,105.58
31735810.0,26178840.0,26560420.0,109.95,110.23,109.51,110.42,110.98,110.73,108.12,109.2,109.42,109.95
25820460.0,25763840.0,45547590.0,108.78,109.72,108.65,110.0,109.9,110.42,108.2,108.88,108.6,108.78
50565420.0,39075250.0,41438280.0,170.16,172.0,174.51,170.16,172.0,174.95,167.07,170.06,170.53,170.16
27185130.0,25649240.0,20490090.0,186.12,187.25,186.35,186.15,188.35,187.2,184.7,184.94,185.73,186.12
41976500.0,35617230.0,27850370.0,162.13,164.0,164.12,167.26,164.33,165.73,161.84,160.63,163.37,162.13
43751810.0,42287640.0,50943120.0,191.51,195.34,190.02,191.98,197.69,196.33,186.6,190.78,189.81,191.51
46418230.0,45870130.0,37190500.0,95.86,95.0,95.42,97.33,96.84,96.04,95.19,94.08,94.28,95.86
62285770.0,49046150.0,49687870.0,100.32,100.55,98.97,101.19,100.69,99.06,97.3,98.84,97.34,100.32
18473070.0,19090050.0,23243160.0,196.45,194.79,193.25,197.1,196.37,196.5,195.93,193.14,193.15,196.45
44387770.0,16916650.0,21175670.0,159.29,157.23,156.91,163.6,157.83,157.55,158.7,156.78,155.27,159.29
58724080.0,32230590.0,50901380.0,106.7,106.57,107.71,110.23,107.68,107.81,106.6,106.16,104.08,106.7
36387880.0,19620520.0,32931110.0,175.04,175.24,177.32,175.09,176.8,177.47,171.26,174.94,173.66,175.04
26378910.0,36792100.0,31396130.0,113.65,113.87,115.39,114.23,115.21,115.86,113.2,113.45,114.1,113.65
26560420.0,37322930.0,25820460.0,109.51,110.42,108.78,110.73,112.19,110.0,109.42,110.27,108.2,109.51
24100150.0,19977160.0,24308210.0,116.86,117.25,118.18,117.38,117.76,118.21,116.33,113.8,117.45,116.86
37378070.0,33690660.0,40113790.0,172.83,172.05,172.36,174.12,174.26,174.82,171.01,171.42,171.77,172.83
32755730.0,40529120.0,42223820.0,268.31,268.7,262.74,273.7,270.07,267.37,265.83,264.7,261.23,268.31
28802550.0,30280450.0,39494770.0,218.93,221.16,220.42,222.99,221.83,222.88,216.76,217.27,216.84,218.93
22941650.0,38158410.0,26784530.0,131.35,130.54,129.13,132.22,132.09,130.5,131.22,130.45,128.9,131.35
49678430.0,57668360.0,55548830.0,286.53,300.95,297.26,297.88,302.53,304.18,286.5,286.13,289.23,286.53
29608390.0,24587490.0,29800240.0,113.69,113.0,111.64,114.64,113.18,113.39,113.43,112.34,111.55,113.69
20679270.0,25864510.0,24592460.0,210.16,207.7,207.36,210.56,210.95,209.1,208.26,207.7,206.67,210.16
21785180.0,22389660.0,22224400.0,169.71,171.39,170.1,171.26,172.48,171.0,169.38,169.92,169.7,169.71
26318580.0,25361290.0,19088310.0,220.9,220.54,220.0,224.58,220.96,220.94,220.79,217.28,218.83,220.9
28481170.0,27948160.0,23714690.0,176.42,178.92,180.2,179.35,180.59,182.14,176.0,177.91,178.62,176.42
22527690.0,24100150.0,19977160.0,116.81,116.86,117.25,116.91,117.38,117.76,116.28,116.33,113.8,116.81
25525650.0,25396100.0,33408050.0,209.32,208.0,207.03,209.5,209.25,208.74,206.76,207.07,205.48,209.32
31384720.0,32644590.0,40613260.0,167.41,166.96,166.11,171.66,168.98,169.0,167.28,165.93,164.56,167.41
49793750.0,62800770.0,84757780.0,111.79,110.27,113.76,114.21,113.28,114.02,111.76,109.9,109.77,111.79
33690660.0,40113790.0,50908540.0,172.05,172.36,169.79,174.26,174.82,173.09,171.42,171.77,169.0,172.05
59118740.0,24129630.0,32361930.0,109.88,110.31,110.08,111.32,111.72,110.51,108.05,109.7,109.46,109.88
53142590.0,61681250.0,76562170.0,112.49,110.23,110.15,112.78,112.34,111.88,110.04,109.13,107.36,112.49
20670830.0,20182050.0,16365720.0,191.78,189.69,191.78,192.43,192.55,191.8,190.17,189.69,189.93,191.78
21634520.0,36340670.0,35850010.0,112.71,112.46,113.16,113.05,113.37,113.8,112.28,111.8,111.8,112.71
40885480.0,25184090.0,30912260.0,107.01,108.58,106.96,107.03,108.7,109.43,104.82,107.18,106.86,107.01
19286690.0,23040480.0,24413480.0,233.37,236.39,234.9,235.24,237.65,238.13,233.2,234.88,234.67,233.37
61747260.0,46717770.0,48702200.0,110.19,111.74,110.63,110.19,111.77,111.74,108.21,109.41,109.77,110.19
21584720.0,21480120.0,16859020.0,191.55,192.42,191.39,191.57,192.88,192.61,190.22,190.44,191.15,191.55
31685810.0,54149930.0,40558490.0,320.54,324.45,312.6,324.09,327.85,318.4,318.75,321.38,312.19,320.54
29616190.0,30483120.0,28449940.0,154.2,153.08,150.27,157.66,155.88,153.39,153.26,153.0,150.05,154.2
35644510.0,39194720.0,37418910.0,218.01,220.95,221.85,224.3,221.85,225.37,216.56,216.47,220.71,218.01
17618870.0,13909560.0,14991570.0,207.48,208.89,207.67,209.73,209.24,209.15,207.14,206.73,207.17,207.48
73991000.0,63712340.0,37080720.0,112.21,115.66,116.25,114.3,116.49,116.54,111.87,113.72,115.44,112.21
18798250.0,21466370.0,25111310.0,151.8,150.58,149.99,153.84,152.44,150.44,151.8,149.9,148.88,151.8
29422610.0,24358920.0,24332120.0,175.11,174.66,173.91,176.1,176.24,175.25,173.14,174.33,173.6,175.11
21158140.0,39763300.0,32226670.0,217.73,220.0,224.8,220.13,220.79,226.42,217.56,217.02,222.86,217.73
22676520.0,29334630.0,31464170.0,178.5,180.32,182.59,180.24,180.52,183.5,178.07,177.81,179.24,178.5
26043820.0,23724430.0,21337310.0,116.35,116.8,116.74,116.51,117.4,117.5,115.64,116.78,116.68,116.35
21070330.0,18220420.0,47800590.0,198.43,198.54,198.8,199.26,200.16,200.85,195.29,198.17,198.15,198.43
61192340.0,44223040.0,76183460.0,92.39,90.0,92.72,94.39,91.67,92.78,91.65,90.0,89.47,92.39
49979700.0,42288790.0,44282560.0,93.79,95.92,94.29,94.72,96.35,95.94,92.59,94.1,93.93,93.79
18965930.0,25682700.0,30149410.0,214.1,216.8,218.1,216.36,217.19,219.18,213.84,214.03,215.11,214.1
19238480.0,27413060.0,25737560.0,175.94,175.69,174.28,176.0,177.75,175.15,174.54,173.97,172.89,175.94
53920550.0,46315620.0,46418230.0,93.13,96.52,95.86,95.7,96.92,97.33,93.04,93.69,95.19,93.13
35890740.0,46026600.0,36884490.0,102.39,102.37,100.58,102.83,103.75,101.71,100.96,101.37,100.45,102.39
30327110.0,20495340.0,26320740.0,120.93,122.14,121.67,121.63,122.35,122.44,120.66,121.6,121.6,120.93
23129400.0,19966590.0,15228270.0,188.77,186.35,188.38,188.84,188.5,188.88,186.21,185.76,186.78,188.77
23040480.0,24413480.0,41990210.0,236.39,234.9,232.95,237.65,238.13,237.64,234.88,234.67,232.31,236.39
24626950.0,29024690.0,28575800.0,279.5,279.8,279.57,281.18,281.9,281.77,278.95,279.12,278.8,279.5
50278030.0,46594220.0,73991000.0,113.38,113.67,112.21,114.18,115.37,114.3,112.52,113.66,111.87,113.38
92683030.0,104618500.0,64094970.0,264.89,255.94,277.39,279.92,270.0,281.22,252.95,248.0,271.86,264.89
25554290.0,23687350.0,34412090.0,119.4,120.0,118.34,120.09,120.5,120.24,119.37,119.71,118.22,119.4
26580710.0,21329170.0,20912820.0,191.17,194.14,193.63,192.0,194.2,194.08,189.77,192.34,191.92,191.17
38885980.0,25879680.0,24129530.0,97.39,97.41,97.17,98.99,97.67,97.7,97.32,96.84,97.12,97.39
17520500.0,23735080.0,18966120.0,258.69,258.74,256.77,260.44,260.35,257.49,256.85,258.11,255.37,258.69
16947420.0,17595210.0,20191840.0,204.09,202.45,203.31,205.87,204.0,204.39,204.0,202.2,201.71,204.09
24185530.0,28865310.0,25668330.0,203.12,199.54,199.46,204.15,203.38,201.37,202.52,198.61,198.56,203.12
18695500.0,17439210.0,21229890.0,138.95,139.06,139.37,139.8,139.98,139.77,138.82,138.79,138.6,138.95
23377690.0,27468700.0,18503410.0,187.99,187.22,187.72,190.26,188.23,188.0,187.75,186.14,186.78,187.99
32416800.0,31123000.0,23985960.0,180.0,175.49,170.32,182.67,179.12,173.07,179.37,175.35,169.5,180.0
23495990.0,38190550.0,20028450.0,320.0,315.36,324.74,324.57,319.75,325.98,320.0,314.61,322.85,320.0
17014490.0,19046600.0,23639070.0,188.0,186.07,186.78,188.91,188.46,187.07,186.36,186.0,185.1,188.0
90398170.0,111186900.0,62080160.0,113.86,108.73,107.51,115.73,113.03,108.79,113.49,108.6,107.24,113.86
14979680.0,20686510.0,18131970.0,116.45,117.52,116.52,117.11,118.02,117.8,116.4,116.2,116.49,116.45
43700570.0,19173780.0,25676720.0,141.0,140.72,139.41,141.0,141.02,140.75,139.89,140.26,139.03,141.0
21080580.0,18527000.0,24110330.0,144.11,142.9,143.02,145.95,144.75,143.5,143.37,142.9,142.41,144.11
31306390.0,31087330.0,34260230.0,178.61,179.37,176.15,179.58,180.1,179.25,177.41,178.25,175.07,178.61
55583140.0,67569090.0,40885480.0,105.75,102.61,107.01,105.85,105.37,107.03,102.41,102.0,104.82,105.75
18612770.0,18463850.0,17427570.0,204.9,206.83,207.36,205.0,207.76,208.48,202.12,205.12,207.05,204.9
32618140.0,32728460.0,47507230.0,107.27,107.4,107.28,108.85,107.72,107.37,107.2,106.45,105.57,107.27
64398230.0,47597670.0,33753490.0,160.4,166.0,165.38,162.11,167.45,167.53,155.3,159.09,164.39,160.4
54017920.0,69281360.0,33935720.0,213.9,216.42,208.76,218.03,221.37,210.16,206.74,211.3,207.31,213.9
44284660.0,46286150.0,33962370.0,116.47,115.38,115.04,116.5,116.73,116.2,115.65,115.23,114.98,116.47
16383610.0,24452750.0,20118620.0,153.17,153.97,153.42,153.33,154.17,154.43,152.22,152.38,153.33,153.17
23286380.0,17841920.0,24185530.0,204.43,202.83,203.12,207.75,204.94,204.15,203.9,202.34,202.52,204.43
21754600.0,20762360.0,20769030.0,135.91,137.38,136.43,136.66,137.48,137.12,135.28,136.3,136.11,135.91
40387960.0,45595680.0,75219710.0,92.9,93.0,92.91,93.66,93.05,94.66,92.14,91.5,92.65,92.9
17595210.0,20191840.0,17897140.0,202.45,203.31,201.85,204.0,204.39,203.73,202.2,201.71,201.56,202.45
25676720.0,15281850.0,17048800.0,139.41,139.3,138.85,140.75,139.65,139.43,139.03,138.84,138.82,139.41
63140170.0,75900510.0,71882770.0,246.52,250.75,236.36,258.68,258.25,247.69,246.36,244.3,234.3,246.52
55548830.0,32426420.0,25141490.0,297.26,318.62,322.63,304.18,320.45,324.65,289.23,310.5,318.21,297.26
30953760.0,37378070.0,33690660.0,171.8,172.83,172.05,173.95,174.12,174.26,171.71,171.01,171.42,171.8
27876220.0,25432390.0,33843130.0,316.68,315.03,313.17,319.52,318.52,316.5,316.2,313.01,310.32,316.68
36362440.0,23446340.0,20222210.0,137.89,137.08,137.14,140.15,137.44,137.44,137.6,136.7,136.28,137.89
22811140.0,27581270.0,95584080.0,219.75,216.82,220.78,222.82,221.26,221.36,219.7,216.63,217.29,219.75
22560440.0,29729270.0,23430370.0,224.79,223.82,221.0,225.84,226.44,223.75,224.02,223.54,219.76,224.79
11475920.0,27420550.0,25931710.0,111.13,111.36,111.95,111.87,111.51,112.42,110.95,110.33,111.4,111.13
24587490.0,29800240.0,52411070.0,113.0,111.64,114.42,113.18,113.39,114.79,112.34,111.55,111.55,113.0
17170490.0,20859830.0,17837130.0,151.5,150.48,149.2,151.74,151.42,150.13,150.19,149.95,148.67,151.5
75058410.0,81013970.0,80605870.0,239.77,247.51,241.95,250.0,257.61,259.08,237.12,238.4,240.0,239.77
71686210.0,56544250.0,46893220.0,263.75,282.0,295.52,278.09,290.82,299.55,263.0,281.23,291.41,263.75
27825140.0,38426060.0,48706170.0,175.21,172.8,178.54,177.74,176.3,179.78,174.52,172.45,172.66,175.21
64094970.0,71322520.0,71686210.0,277.39,277.14,263.75,281.22,286.44,278.09,271.86,269.37,263.0,277.39
49118510.0,35644510.0,39194720.0,224.94,218.01,220.95,225.0,224.3,221.85,219.84,216.56,216.47,224.94
14676420.0,16529130.0,17775510.0,141.41,141.48,141.91,142.04,141.88,142.38,141.11,140.87,141.05,141.41
52902320.0,41084070.0,26656630.0,214.52,225.46,223.64,219.5,226.35,227.27,212.32,216.05,222.25,214.52
35131460.0,28949760.0,27526040.0,96.86,97.2,96.05,98.23,98.02,96.76,96.65,96.58,95.25,96.86
28010430.0,39546610.0,26781730.0,107.52,106.27,105.58,108.37,107.65,106.0,107.16,106.18,105.28,107.52
41156140.0,44662320.0,23623970.0,171.51,174.24,174.94,174.77,174.95,176.6,170.88,170.26,172.1,171.51
36884490.0,33136130.0,50303500.0,100.58,100.51,97.65,101.71,100.89,100.77,100.45,99.64,97.42,100.58
21884010.0,23598650.0,28998220.0,171.04,171.18,169.97,171.39,171.87,170.32,169.64,170.3,168.38,171.04
44866280.0,71574560.0,31506890.0,159.87,162.61,160.5,159.96,163.96,162.05,157.91,158.77,159.89,159.87
29421010.0,26356390.0,29706720.0,322.37,322.57,323.52,323.4,325.22,324.76,318.0,320.26,318.95,322.37
31686450.0,23273160.0,27825140.0,174.94,177.91,175.21,175.85,178.25,177.74,174.27,176.13,174.52,174.94
25763840.0,45547590.0,31154910.0,109.72,108.65,104.89,109.9,110.42,107.79,108.88,108.6,104.88,109.72
42223820.0,50721830.0,50455070.0,262.74,270.8,250.9,267.37,271.7,263.11,261.23,259.0,249.38,262.74
27948160.0,23714690.0,36529740.0,178.92,180.2,179.8,180.59,182.14,180.54,177.91,178.62,177.81,178.92
19376940.0,21564890.0,26330070.0,159.07,158.23,157.5,160.47,160.0,157.89,158.88,158.02,155.11,159.07
21673390.0,17618870.0,13909560.0,208.46,207.48,208.89,210.64,209.73,209.24,208.44,207.14,206.73,208.46
24431920.0,28813620.0,27883360.0,210.62,204.28,203.46,212.73,207.16,205.14,210.03,203.84,199.67,210.62
32182650.0,26547490.0,18661340.0,270.0,267.48,263.79,270.8,271.0,265.89,264.91,267.3,262.73,270.0
59029400.0,33829290.0,33009110.0,116.9,120.96,121.11,118.07,121.81,121.81,116.06,120.05,120.62,116.9
32018540.0,26924630.0,35661200.0,150.85,152.88,152.5,151.27,153.7,153.97,149.22,151.51,150.86,150.85
34454120.0,27207250.0,30480880.0,316.27,313.59,311.85,318.74,315.7,315.5,315.0,312.09,309.55,316.27
20686510.0,18131970.0,14244050.0,117.52,116.52,115.59,118.02,117.8,116.52,116.2,116.49,115.59,117.52
20191840.0,17897140.0,20578020.0,203.31,201.85,199.2,204.39,203.73,201.51,201.71,201.56,198.81,203.31
63712340.0,37080720.0,43218350.0,115.66,116.25,115.93,116.49,116.54,116.53,113.72,115.44,114.42,115.66
48155850.0,53038870.0,33861320.0,365.0,364.0,351.34,368.79,372.38,359.46,358.52,362.27,351.15,365.0
27581270.0,95584080.0,26388050.0,216.82,220.78,220.24,221.26,221.36,222.28,216.63,217.29,219.15,216.82
26675250.0,31639010.0,24817940.0,106.14,105.66,105.8,106.8,106.57,106.5,105.62,105.64,105.5,106.14
47597670.0,33753490.0,43250420.0,166.0,165.38,165.45,167.45,167.53,168.35,159.09,164.39,162.73,166.0
42357420.0,16252850.0,18969700.0,156.75,160.42,159.78,157.08,160.71,160.87,155.02,159.6,159.23,156.75
28218240.0,32690080.0,26219110.0,99.26,99.83,100.0,99.3,101.0,100.46,98.31,99.13,99.74,99.26
65270950.0,34693280.0,20544600.0,170.6,174.95,177.81,171.22,175.39,178.82,165.43,172.66,176.88,170.6
37418910.0,34121240.0,33290830.0,221.85,226.23,228.99,225.37,227.35,229.67,220.71,221.3,225.1,221.85
41511380.0,33316990.0,34806250.0,116.55,117.05,118.75,116.79,118.11,118.81,114.22,116.08,116.86,116.55
22632380.0,32182650.0,26547490.0,268.6,270.0,267.48,270.07,270.8,271.0,265.86,264.91,267.3,268.6
18776390.0,15801370.0,19636390.0,188.5,190.71,189.5,189.78,191.28,190.68,187.61,190.18,189.3,188.5
38063130.0,13046450.0,21341960.0,117.99,118.29,119.21,119.41,118.41,119.23,117.75,117.6,117.92,117.99
19046600.0,23639070.0,20393070.0,186.07,186.78,189.01,188.46,187.07,189.53,186.0,185.1,187.86,186.07
19932550.0,22684000.0,22367480.0,242.1,241.16,237.52,243.24,242.2,240.99,241.22,239.62,237.32,242.1
43218350.0,58279570.0,49793750.0,115.93,116.58,111.79,116.53,116.89,114.21,114.42,114.86,111.76,115.93
35421310.0,19082170.0,21247590.0,145.13,145.77,145.52,147.16,146.7,146.07,145.11,145.12,144.61,145.13
33113340.0,16339690.0,20848660.0,170.8,174.68,174.17,171.47,175.42,176.02,169.68,174.5,174.1,170.8
73006780.0,55204920.0,45970470.0,132.85,130.97,129.08,132.92,132.97,129.62,130.32,130.7,128.31,132.85
51314210.0,34380630.0,48155850.0,364.41,360.7,365.0,365.32,365.0,368.79,353.02,357.57,358.52,364.41
28877500.0,24460850.0,30877540.0,96.49,95.7,94.6,96.89,96.5,95.66,96.05,95.62,94.37,96.49
23492650.0,22527690.0,24100150.0,117.1,116.81,116.86,117.74,116.91,117.38,117.0,116.28,116.33,117.1
28204640.0,36054570.0,31384720.0,174.65,172.86,167.41,175.57,175.08,171.66,172.85,172.35,167.28,174.65
31440300.0,26148590.0,39017490.0,188.35,185.8,184.85,188.99,188.39,187.33,185.92,185.79,183.74,188.35
34089190.0,72187710.0,64782910.0,147.16,145.74,155.19,147.45,146.09,155.19,145.15,142.51,146.02,147.16
50901380.0,34117030.0,57097740.0,107.71,107.12,111.09,107.81,108.87,111.09,104.08,106.55,105.83,107.71
31110640.0,20899720.0,26067510.0,198.68,200.29,197.77,199.5,201.57,200.99,197.05,199.57,197.35,198.68
45114590.0,46461610.0,52955310.0,102.65,104.64,107.25,105.72,105.72,107.27,102.53,103.13,105.24,102.65
39546610.0,26781730.0,30148360.0,106.27,105.58,104.81,107.65,106.0,105.84,106.18,105.28,104.77,106.27
22539860.0,35578640.0,33054500.0,135.67,135.52,133.47,135.9,136.27,135.09,134.84,134.62,133.25,135.67
41459120.0,26387240.0,20591090.0,172.63,174.3,175.05,172.92,174.87,175.08,167.16,171.86,173.34,172.63
32230590.0,50901380.0,34117030.0,106.57,107.71,107.12,107.68,107.81,108.87,106.16,104.08,106.55,106.57
20912820.0,21535570.0,26190620.0,193.63,193.07,191.64,194.08,193.94,193.42,191.92,192.36,191.35,193.63
34324350.0,27049830.0,29976030.0,112.31,110.86,109.26,114.7,112.43,111.19,112.31,110.6,109.16,112.31
29451050.0,25649890.0,25184600.0,160.1,160.14,159.65,163.12,162.0,160.56,160.0,159.93,159.27,160.1
23531670.0,22355140.0,20299310.0,139.39,141.5,141.26,141.22,141.74,141.58,138.62,140.35,140.61,139.39
52720620.0,61747260.0,46717770.0,110.0,110.19,111.74,112.28,110.19,111.77,109.49,108.21,109.41,110.0
33507770.0,31961120.0,28540490.0,227.96,230.78,230.05,228.41,232.35,233.47,220.58,226.73,229.78,227.96
22409110.0,17186760.0,23129400.0,187.6,188.23,188.77,188.75,189.65,188.84,186.87,187.65,186.21,187.6
36547440.0,47539790.0,22481890.0,203.16,201.02,199.62,206.44,212.14,202.05,202.59,200.83,199.15,203.16
22481890.0,24619750.0,27009520.0,199.62,201.3,200.2,202.05,202.76,203.53,199.15,199.29,199.39,199.62
33490630.0,27148530.0,31538710.0,101.41,101.31,100.78,102.24,101.58,101.76,100.15,100.27,100.4,101.41
19216820.0,20059570.0,21162560.0,208.39,206.43,210.16,209.48,206.98,210.45,207.32,204.22,207.2,208.39
80605870.0,92683030.0,104618500.0,241.95,264.89,255.94,259.08,279.92,270.0,240.0,252.95,248.0,241.95
16810390.0,29377270.0,23693550.0,261.07,258.31,267.27,263.31,259.53,268.25,260.68,256.29,263.45,261.07
37190500.0,40814360.0,64332440.0,95.42,96.47,94.79,96.04,96.71,97.34,94.28,95.4,94.35,95.42
32361930.0,30790930.0,26538700.0,110.08,108.53,110.98,110.51,110.25,111.46,109.46,108.11,109.55,110.08
32728460.0,47507230.0,96197190.0,107.4,107.28,108.91,107.72,107.37,109.52,106.45,105.57,105.81,107.4
23334000.0,12119710.0,24677880.0,284.82,284.69,280.53,289.98,284.89,284.25,284.7,282.92,280.37,284.82
33559770.0,31695870.0,41365600.0,125.72,126.04,125.03,127.15,126.37,125.76,125.58,125.04,124.32,125.72
67678680.0,41626820.0,36191330.0,178.37,190.0,190.5,181.47,190.7,194.97,175.51,184.99,189.46,178.37
46461610.0,52955310.0,42250480.0,104.64,107.25,107.83,105.72,107.27,108.76,103.13,105.24,107.07,104.64
17675210.0,22551660.0,17352380.0,183.82,186.29,184.1,187.3,187.19,186.21,183.42,182.91,183.8,183.82
27744300.0,25001730.0,23606240.0,107.41,107.39,108.57,107.95,107.88,108.75,106.31,106.68,107.68,107.41
17426160.0,16543880.0,13954810.0,185.42,185.26,187.79,188.43,186.41,187.95,185.2,184.28,183.54,185.42
69726440.0,33669020.0,19690420.0,159.28,149.1,149.9,159.75,150.22,150.33,156.16,148.41,148.13,159.28
17154540.0,25323890.0,18958570.0,171.8,171.19,169.71,172.37,173.32,171.44,170.3,170.99,169.49,171.8
37169230.0,95497900.0,64398230.0,148.15,156.86,160.4,151.55,158.16,162.11,146.59,149.63,155.3,148.15
29272970.0,28106110.0,29663910.0,376.72,375.41,370.0,381.5,378.62,375.78,376.36,372.23,369.87,376.72
32644590.0,40613260.0,60800480.0,166.96,166.11,163.25,168.98,169.0,166.15,165.93,164.56,160.23,166.96
48929200.0,29723750.0,38794930.0,111.34,110.8,111.78,114.17,111.75,112.0,110.82,110.11,110.53,111.34
27595310.0,28595230.0,20679270.0,211.75,209.22,210.16,213.81,210.74,210.56,211.47,208.33,208.26,211.75
45970470.0,35987630.0,33559770.0,129.08,127.74,125.72,129.62,128.57,127.15,128.31,127.35,125.58,129.08
20762360.0,20769030.0,24487200.0,137.38,136.43,136.23,137.48,137.12,136.75,136.3,136.11,135.98,137.38
36464530.0,30031410.0,38885980.0,98.7,98.92,97.39,100.13,99.3,98.99,98.6,98.5,97.32,98.7
31130520.0,35709870.0,24143240.0,244.76,248.97,247.42,245.3,249.75,249.25,241.21,242.57,246.72,244.76
95584080.0,26388050.0,26869880.0,220.78,220.24,218.5,221.36,222.28,219.62,217.29,219.15,215.3,220.78
33090950.0,27877660.0,29644640.0,297.16,299.84,293.79,304.44,300.9,299.96,297.16,297.48,292.75,297.16
23606240.0,21236850.0,25784420.0,108.57,108.59,108.86,108.75,109.32,109.1,107.68,108.53,107.85,108.57
18503410.0,22409110.0,17186760.0,187.72,187.6,188.23,188.0,188.75,189.65,186.78,186.87,187.65,187.72
106721200.0,80151380.0,49678430.0,257.26,281.1,286.53,278.41,286.0,297.88,256.37,272.96,286.5,257.26
62800770.0,84757780.0,54507300.0,110.27,113.76,111.65,113.28,114.02,112.56,109.9,109.77,110.32,110.27
17272900.0,19286690.0,23040480.0,235.09,233.37,236.39,236.15,235.24,237.65,233.52,233.2,234.88,235.09
59251740.0,41430660.0,42276880.0,116.7,114.33,114.0,119.23,115.5,115.58,116.33,114.1,113.7,116.7
50991030.0,34317760.0,25289270.0,199.0,205.55,209.98,199.85,206.01,210.12,193.79,202.25,206.75,199.0
17897140.0,20578020.0,25338630.0,201.85,199.2,200.81,203.73,201.51,201.4,201.56,198.81,198.41,201.85
41994110.0,51054150.0,63140170.0,250.74,252.75,246.52,255.52,255.87,258.68,249.4,247.05,246.36,250.74
36059610.0,36592940.0,23334000.0,289.46,291.12,284.82,292.69,293.97,289.98,285.22,288.12,284.7,289.46
45751160.0,22010360.0,18612770.0,203.06,204.4,204.9,203.4,205.97,205.0,199.11,203.86,202.12,203.06
26208970.0,39636190.0,26060430.0,156.6,159.9,159.26,158.57,160.0,161.27,156.07,154.63,159.11,156.6
42287640.0,50943120.0,31003380.0,195.34,190.02,186.23,197.69,196.33,189.49,190.78,189.81,184.73,195.34
127246600.0,68176940.0,48079330.0,110.43,114.08,116.1,111.9,114.35,116.52,105.65,111.63,114.68,110.43
23191150.0,21982000.0,29922650.0,119.55,120.0,120.45,120.1,120.81,120.45,119.5,119.77,119.73,119.55
12506830.0,18000180.0,18776390.0,191.08,189.53,188.5,191.84,191.41,189.78,190.9,189.31,187.61,191.08
19082170.0,21247590.0,24877950.0,145.77,145.52,146.87,146.7,146.07,146.87,145.12,144.61,144.94,145.77
75219710.0,32042290.0,29124140.0,92.91,95.94,96.25,94.66,96.29,96.89,92.65,95.25,95.35,92.91
20182050.0,16365720.0,15515000.0,189.69,191.78,189.75,192.55,191.8,191.87,189.69,189.93,189.2,189.69
45555300.0,32461350.0,45179400.0,115.2,116.26,116.37,115.57,116.82,117.42,112.27,115.65,115.21,115.2
20755140.0,19238480.0,27413060.0,174.67,175.94,175.69,175.49,176.0,177.75,173.94,174.54,173.97,174.67
52954070.0,38016810.0,36487930.0,219.05,216.88,211.15,222.36,220.45,215.18,216.81,216.62,209.27,219.05
20507460.0,17520500.0,23735080.0,258.3,258.69,258.74,262.47,260.44,260.35,258.28,256.85,258.11,258.3
33449100.0,28236270.0,31380450.0,316.77,316.14,323.5,323.44,318.71,324.24,315.63,313.09,316.5,316.77
33538550.0,18458410.0,61438290.0,185.14,187.88,190.03,186.33,189.22,190.16,183.45,187.2,188.26,185.14
36187160.0,26318580.0,25361290.0,225.07,220.9,220.54,228.22,224.58,220.96,224.2,220.79,217.28,225.07
28507780.0,27054320.0,11475920.0,110.78,111.43,111.13,112.03,112.47,111.87,110.07,111.39,110.95,110.78
34525630.0,40827260.0,42876370.0,116.43,116.04,114.32,117.44,117.65,116.31,116.01,115.5,114.01,116.43
25817950.0,37781330.0,34790520.0,257.33,249.54,247.24,257.85,255.93,249.17,255.38,249.16,237.26,257.33
26591850.0,25277680.0,27715140.0,153.9,154.34,153.58,155.81,154.45,155.45,153.78,153.46,152.89,153.9
39735110.0,41484540.0,41459120.0,169.95,170.43,172.63,171.67,172.14,172.92,168.5,168.44,167.16,169.95
35709870.0,24143240.0,18369300.0,248.97,247.42,243.16,249.75,249.25,246.73,242.57,246.72,242.88,248.97
61438290.0,21584720.0,21480120.0,190.03,191.55,192.42,190.16,191.57,192.88,188.26,190.22,190.44,190.03
52979780.0,27997990.0,33655810.0,103.91,105.0,105.01,105.3,105.65,106.48,103.91,104.51,104.62,103.91
42832890.0,33400950.0,36912040.0,122.6,122.32,123.15,122.64,122.57,123.5,120.91,121.71,122.27,122.6
16553500.0,18680930.0,15955820.0,193.06,192.45,190.68,194.85,193.66,191.96,192.43,192.05,189.56,193.06
71882770.0,84188210.0,100423300.0,236.36,228.08,247.18,247.69,228.5,251.83,234.3,212.61,228.0,236.36
35850220.0,40984160.0,56770080.0,94.0,95.2,94.2,94.07,95.9,95.74,92.68,93.82,93.68,94.0
24518850.0,31686450.0,23273160.0,175.48,174.94,177.91,177.12,175.85,178.25,175.07,174.27,176.13,175.48
14026670.0,25558680.0,25047130.0,175.1,173.36,170.78,175.5,175.0,173.7,174.65,173.05,170.78,175.1
40862120.0,54017920.0,69281360.0,205.53,213.9,216.42,206.43,218.03,221.37,201.63,206.74,211.3,205.53
21162560.0,21007650.0,15957630.0,210.16,208.5,204.1,210.45,209.32,205.72,207.2,206.66,203.32,210.16
25817590.0,21847230.0,20507460.0,261.13,261.55,258.3,264.78,262.79,262.47,261.07,260.92,258.28,261.13
36592940.0,23334000.0,12119710.0,291.12,284.82,284.69,293.97,289.98,284.89,288.12,284.7,282.92,291.12
27420550.0,25931710.0,29164190.0,111.36,111.95,110.12,111.51,112.42,111.99,110.33,111.4,110.01,111.36
64678220.0,46810020.0,29158640.0,112.18,115.19,116.04,112.68,115.39,116.94,109.79,112.85,115.51,112.18
28487570.0,40170200.0,29139100.0,97.79,97.6,99.02,98.27,97.84,99.54,97.45,96.63,98.33,97.79
41990210.0,28962980.0,19029420.0,232.95,227.93,227.03,237.64,230.44,227.79,232.31,227.3,225.64,232.95
33511990.0,28803760.0,35583440.0,305.64,303.22,300.46,310.35,305.17,303.24,304.29,301.97,298.87,305.64
21215870.0,20088940.0,16216800.0,154.18,153.63,154.01,155.44,153.86,155.09,154.05,152.46,153.91,154.18
43496400.0,49897100.0,31685810.0,304.3,320.93,320.54,313.49,322.68,324.09,302.22,308.29,318.75,304.3
37512930.0,63963010.0,36087910.0,117.35,117.7,115.02,117.98,118.69,116.75,116.75,116.2,114.72,117.35
26750260.0,34581850.0,30237640.0,172.58,164.88,167.64,174.23,172.01,168.75,172.08,164.77,164.88,172.58
31506890.0,28411740.0,21905160.0,160.5,160.86,162.09,162.05,161.15,162.24,159.89,158.53,160.36,160.5
32340620.0,60784920.0,46873670.0,107.88,108.89,112.11,108.0,108.95,112.3,106.23,106.94,109.73,107.88
46594220.0,73991000.0,63712340.0,113.67,112.21,115.66,115.37,114.3,116.49,113.66,111.87,113.72,113.67
25396100.0,33408050.0,62317430.0,208.0,207.03,200.58,209.25,208.74,208.38,207.07,205.48,200.35,208.0
20400770.0,18457720.0,18505780.0,217.15,216.6,214.65,218.74,216.9,217.05,216.33,215.11,214.6,217.15
26122800.0,21910700.0,20254650.0,324.66,320.75,317.75,326.2,323.44,322.35,322.3,318.93,317.21,324.66
25184600.0,19782170.0,19376940.0,159.65,160.43,159.07,160.56,160.74,160.47,159.27,158.55,158.88,159.65
35987630.0,33559770.0,31695870.0,127.74,125.72,126.04,128.57,127.15,126.37,127.35,125.58,125.04,127.74
32063100.0,57717870.0,41511380.0,118.98,115.29,116.55,119.86,119.25,116.79,117.81,115.11,114.22,118.98
31416910.0,30576980.0,32340620.0,106.93,106.64,107.88,106.93,108.09,108.0,105.52,106.06,106.23,106.93
25418110.0,23046560.0,30273990.0,154.11,154.15,156.41,154.48,155.14,156.73,151.74,151.7,152.62,154.11
21400410.0,29707270.0,21634520.0,113.4,113.06,112.71,113.66,114.31,113.05,112.69,112.63,112.28,113.4
34240470.0,35290570.0,38866100.0,96.31,96.0,98.84,96.9,96.76,98.89,95.92,95.8,96.09,96.31
41740600.0,51608850.0,58133850.0,157.5,155.84,148.3,158.52,156.77,157.23,154.55,150.07,146.72,157.5
36810120.0,31801970.0,41411350.0,222.15,225.75,223.52,222.95,226.84,228.35,217.27,222.52,222.57,222.15
21513990.0,21124240.0,26551000.0,200.37,199.68,196.05,200.61,199.88,200.29,198.03,197.31,195.21,200.37
27148530.0,31538710.0,35890740.0,101.31,100.78,102.39,101.58,101.76,102.83,100.27,100.4,100.96,101.31
35824790.0,52392970.0,40862120.0,196.31,197.99,205.53,198.07,198.65,206.43,194.04,192.58,201.63,196.31
23171020.0,22560440.0,29729270.0,227.95,224.79,223.82,229.42,225.84,226.44,226.35,224.02,223.54,227.95
45968040.0,61759000.0,41678680.0,171.66,165.0,173.49,171.79,170.09,174.49,167.0,163.33,168.3,171.66
18904680.0,16658660.0,21131040.0,143.6,143.73,144.29,143.88,144.18,144.52,142.9,143.27,143.45,143.6
17916260.0,19932550.0,22684000.0,244.51,242.1,241.16,244.8,243.24,242.2,241.81,241.22,239.62,244.51
50415610.0,41662940.0,36928090.0,349.31,347.9,332.14,351.06,354.77,345.61,335.48,346.09,332.01,349.31
36192150.0,31851180.0,34240470.0,93.98,96.4,96.31,96.38,96.5,96.9,93.32,94.55,95.92,93.98
43607120.0,34394830.0,38236730.0,106.34,105.52,104.61,106.5,106.47,106.31,105.19,104.96,104.59,106.34
27049830.0,29976030.0,26160560.0,110.86,109.26,109.5,112.43,111.19,110.36,110.6,109.16,109.19,110.86
37353670.0,33772050.0,30953760.0,176.35,173.67,171.8,179.39,175.65,173.95,176.21,173.54,171.71,176.35
40529120.0,42223820.0,50721830.0,268.7,262.74,270.8,270.07,267.37,271.7,264.7,261.23,259.0,268.7
26220850.0,30684390.0,22526310.0,191.81,186.51,183.08,195.37,191.92,185.47,191.62,185.77,182.15,191.81
49305220.0,51106100.0,85436210.0,120.99,118.7,116.93,121.22,120.69,119.3,119.45,118.27,116.06,120.99
27043580.0,21218410.0,28481170.0,176.23,177.95,176.42,177.99,179.23,179.35,174.99,176.67,176.0,176.23
46820600.0,23492650.0,22527690.0,117.95,117.1,116.81,118.36,117.74,116.91,117.31,117.0,116.28,117.95
16216800.0,18631540.0,26204670.0,154.01,154.26,153.21,155.09,154.45,154.13,153.91,152.72,152.0,154.01
30273990.0,33259460.0,29616190.0,156.41,157.5,154.2,156.73,157.88,157.66,152.62,155.98,153.26,156.41
32345430.0,35454230.0,43607120.0,105.25,105.93,106.34,107.29,107.65,106.5,105.21,105.14,105.19,105.25
20514810.0,26604140.0,69726440.0,156.07,157.05,159.28,157.4,157.21,159.75,155.69,155.02,156.16,156.07
37034520.0,36151450.0,28507780.0,110.37,111.6,110.78,110.94,112.2,112.03,109.03,110.27,110.07,110.37
31851180.0,34240470.0,35290570.0,96.4,96.31,96.0,96.5,96.9,96.76,94.55,95.92,95.8,96.4
26892850.0,33520150.0,50674280.0,153.38,151.27,153.6,153.98,153.34,154.57,152.63,151.13,149.71,153.38
20769030.0,24487200.0,22163280.0,136.43,136.23,135.1,137.12,136.75,135.83,136.11,135.98,135.1,136.43
56137230.0,33944110.0,66454720.0,178.25,175.88,175.23,184.25,177.5,177.75,178.17,174.44,173.8,178.25
21236850.0,25784420.0,25108890.0,108.59,108.86,108.77,109.32,109.1,109.69,108.53,107.85,108.36,108.59
16861450.0,15603520.0,16243080.0,155.97,156.06,155.81,156.98,158.0,156.73,155.75,155.1,155.49,155.97
33669020.0,19690420.0,17192770.0,149.1,149.9,149.89,150.22,150.33,150.23,148.41,148.13,149.19,149.1
37622200.0,44434220.0,32970790.0,110.93,111.29,110.82,112.1,111.52,112.45,110.49,109.56,110.68,110.93
41411350.0,49118510.0,35644510.0,223.52,224.94,218.01,228.35,225.0,224.3,222.57,219.84,216.56,223.52
31754210.0,35474680.0,45968040.0,170.49,170.4,171.66,172.57,171.92,171.79,169.55,169.02,167.0,170.49
44651420.0,44387770.0,16916650.0,163.89,159.29,157.23,168.07,163.6,157.83,163.72,158.7,156.78,163.89
30877540.0,27553750.0,25982080.0,94.6,95.39,95.49,95.66,95.4,96.47,94.37,94.46,95.33,94.6
29377630.0,22074760.0,26208970.0,160.66,159.32,156.6,162.2,160.21,158.57,160.14,158.75,156.07,160.66
66072170.0,91046560.0,52954070.0,204.3,209.55,219.05,204.39,213.65,222.36,198.17,205.43,216.81,204.3
35661200.0,45034370.0,40622910.0,152.5,151.29,149.56,153.97,154.53,151.82,150.86,149.63,148.52,152.5
60547340.0,46725710.0,50991030.0,193.9,191.63,199.0,194.48,197.18,199.85,185.93,191.45,193.79,193.9
84188210.0,100423300.0,67964260.0,228.08,247.18,247.39,228.5,251.83,252.84,212.61,228.0,242.61,228.08
39483400.0,44829060.0,45479260.0,121.85,123.13,120.79,122.69,123.82,123.49,120.18,121.62,120.7,121.85
50061580.0,35678360.0,50278030.0,113.25,113.63,113.38,115.5,114.72,114.18,112.37,113.3,112.52,113.25
18000180.0,18776390.0,15801370.0,189.53,188.5,190.71,191.41,189.78,191.28,189.31,187.61,190.18,189.53
30555900.0,14979680.0,20686510.0,116.65,116.45,117.52,117.2,117.11,118.02,115.43,116.4,116.2,116.65
41438280.0,51368540.0,32395870.0,174.51,177.25,177.3,174.95,177.3,179.44,170.53,173.2,176.82,174.51
36634380.0,26117990.0,25458120.0,320.25,317.92,318.58,323.33,319.56,319.99,317.52,315.65,317.31,320.25
33291640.0,31774720.0,66072170.0,205.97,201.92,204.3,210.06,204.72,204.39,204.13,201.69,198.17,205.97
50908540.0,40382890.0,32483310.0,169.79,163.05,161.95,173.09,167.54,164.75,169.0,162.88,161.65,169.79
60774900.0,70583530.0,54145930.0,158.5,157.07,160.29,163.89,157.89,161.0,157.51,150.24,155.03,158.5
85349340.0,106721200.0,80151380.0,282.28,257.26,281.1,301.44,278.41,286.0,277.72,256.37,272.96,282.28
25931710.0,29164190.0,28310840.0,111.95,110.12,109.72,112.42,111.99,110.54,111.4,110.01,109.66,111.95
73230280.0,51861990.0,56005550.0,112.83,113.85,116.44,113.51,114.57,116.69,107.86,112.44,114.02,112.83
18647220.0,21080580.0,18527000.0,144.73,144.11,142.9,145.85,145.95,144.75,144.38,143.37,142.9,144.73
15009800.0,12506830.0,18000180.0,191.52,191.08,189.53,192.65,191.84,191.41,190.42,190.9,189.31,191.52
24900130.0,27744300.0,25001730.0,106.62,107.41,107.39,107.44,107.95,107.88,106.29,106.31,106.68,106.62
21918340.0,25328680.0,33754680.0,109.23,109.1,109.63,109.6,109.37,110.23,109.02,108.34,109.21,109.23
102731700.0,161882500.0,127246600.0,111.11,94.87,110.43,111.11,108.8,111.9,103.5,92.0,105.65,111.11
33861320.0,66118950.0,24205100.0,351.34,354.64,351.41,359.46,356.56,353.45,351.15,345.15,349.22,351.34
61759000.0,41678680.0,42704910.0,165.0,173.49,171.76,170.09,174.49,174.78,163.33,168.3,170.42,165.0
38158410.0,26784530.0,24460160.0,130.54,129.13,128.31,132.09,130.5,129.19,130.45,128.9,128.16,130.54
33674960.0,36396590.0,65270950.0,165.67,166.84,170.6,166.33,166.92,171.22,161.22,164.09,165.43,165.67
28803760.0,35583440.0,36937800.0,303.22,300.46,295.06,305.17,303.24,301.0,301.97,298.87,294.46,303.22
18966120.0,19974430.0,25817950.0,256.77,257.05,257.33,257.49,258.19,257.85,255.37,256.32,255.38,256.77
25289270.0,33291640.0,31774720.0,209.98,205.97,201.92,210.12,210.06,204.72,206.75,204.13,201.69,209.98
40984540.0,41335980.0,36387880.0,168.39,170.0,175.04,169.92,172.68,175.09,164.94,168.6,171.26,168.39
14669140.0,18761470.0,21674630.0,192.9,191.55,194.7,194.96,193.59,196.79,192.17,190.3,193.6,192.9
23839880.0,26296260.0,28010430.0,108.71,108.23,107.52,108.9,108.94,108.37,107.76,108.01,107.16,108.71
29027340.0,39992120.0,38681170.0,217.71,222.6,215.83,221.38,224.23,223.25,216.75,214.54,214.7,217.71
16243080.0,17223790.0,21215870.0,155.81,154.97,154.18,156.73,155.49,155.44,155.49,154.56,154.05,155.81
23141260.0,28053230.0,42557530.0,186.55,184.99,185.18,187.4,186.22,187.67,185.22,183.67,184.75,186.55
44829060.0,45479260.0,32152870.0,123.13,120.79,119.87,123.82,123.49,121.36,121.62,120.7,119.61,123.13
35779520.0,44651420.0,44387770.0,167.9,163.89,159.29,169.65,168.07,163.6,166.94,163.72,158.7,167.9
15603520.0,16243080.0,17223790.0,156.06,155.81,154.97,158.0,156.73,155.49,155.1,155.49,154.56,156.06
63849470.0,66300930.0,73230280.0,109.07,110.17,112.83,109.62,111.54,113.51,107.31,108.73,107.86,109.07
48079330.0,34525630.0,40827260.0,116.1,116.43,116.04,116.52,117.44,117.65,114.68,116.01,115.5,116.1
21700900.0,25093670.0,22395560.0,265.8,263.68,263.75,267.43,265.78,264.88,264.23,263.01,262.1,265.8
25328680.0,33754680.0,25704330.0,109.1,109.63,108.14,109.37,110.23,109.54,108.34,109.21,108.08,109.1
27316740.0,31110640.0,20899720.0,203.17,198.68,200.29,204.49,199.5,201.57,200.65,197.05,199.57,203.17
23583810.0,35626020.0,35041820.0,117.33,117.88,116.79,117.84,118.17,117.44,116.78,117.13,115.72,117.33
31123000.0,23985960.0,24755470.0,175.49,170.32,173.87,179.12,173.07,174.44,175.35,169.5,172.02,175.49
42268040.0,36299460.0,56293490.0,99.6,99.44,99.68,100.4,100.47,100.73,98.82,99.25,98.64,99.6
41357180.0,34702230.0,50036510.0,351.46,333.25,344.72,353.2,345.68,347.8,344.72,332.58,334.22,351.46
32690080.0,26219110.0,23766360.0,99.83,100.0,99.56,101.0,100.46,100.0,99.13,99.74,99.34,99.83
49696100.0,43751810.0,42287640.0,191.66,191.51,195.34,192.88,191.98,197.69,184.58,186.6,190.78,191.66
32203640.0,50264540.0,31642900.0,143.66,143.78,143.32,146.74,144.5,144.48,143.66,142.2,142.21,143.66
51467440.0,68171940.0,72215320.0,163.09,154.83,159.1,163.4,163.72,163.88,159.07,154.0,156.0,163.09
35290570.0,38866100.0,44811800.0,96.0,98.84,96.67,96.76,98.89,98.21,95.8,96.09,96.15,96.0
25184090.0,30912260.0,26639930.0,108.58,106.96,107.59,108.7,109.43,107.69,107.18,106.86,106.18,108.58
31048170.0,35951900.0,34494150.0,114.35,113.85,113.05,114.94,113.99,114.12,114.0,112.44,112.51,114.35
26919530.0,24431920.0,28813620.0,210.88,210.62,204.28,213.35,212.73,207.16,210.32,210.03,203.84,210.88
22367480.0,24377170.0,17272900.0,237.52,234.59,235.09,240.99,237.58,236.15,237.32,234.29,233.52,237.52
24487200.0,22163280.0,22539860.0,136.23,135.1,135.67,136.75,135.83,135.9,135.98,135.1,134.84,136.23
20028450.0,23686890.0,28432570.0,324.74,324.19,321.47,325.98,326.22,327.22,322.85,323.35,321.47,324.74
21550270.0,14277850.0,22986960.0,143.69,144.88,144.45,144.79,145.3,144.96,142.72,143.1,143.78,143.69
16859020.0,18069930.0,26580710.0,191.39,191.35,191.17,192.61,191.97,192.0,191.15,190.21,189.77,191.39
22052920.0,24725210.0,25674500.0,144.49,145.01,147.17,146.11,146.16,148.28,143.16,143.62,145.38,144.49
34312550.0,21890090.0,26122800.0,323.35,324.39,324.66,331.75,325.62,326.2,323.23,320.78,322.3,323.35
31644240.0,28204640.0,36054570.0,172.4,174.65,172.86,173.94,175.57,175.08,170.34,172.85,172.35,172.4
36127490.0,21827400.0,20514810.0,158.6,157.06,156.07,161.83,158.92,157.4,158.27,156.67,155.69,158.6
42009830.0,46858910.0,61192340.0,94.16,94.55,92.39,95.21,94.7,94.39,93.89,93.01,91.65,94.16
27584020.0,37979570.0,45555300.0,114.92,111.38,115.2,115.05,114.24,115.57,113.32,111.0,112.27,114.92
44453230.0,32234520.0,45635470.0,167.17,166.87,165.53,168.62,168.44,167.37,166.76,166.5,164.7,167.17
27150570.0,29357940.0,23553790.0,109.34,108.97,108.91,110.5,110.61,109.77,108.66,108.83,108.17,109.34
27413060.0,25737560.0,27953810.0,175.69,174.28,174.32,177.75,175.15,174.91,173.97,172.89,172.92,175.69
32389280.0,22692880.0,28802550.0,217.86,222.3,218.93,219.74,222.64,222.99,213.0,219.34,216.76,217.86
24460160.0,33671250.0,111837300.0,128.31,127.98,127.03,129.19,129.39,130.49,128.16,127.78,127.01,128.31
25897340.0,26066130.0,46882840.0,207.86,205.86,209.43,208.55,207.19,212.05,203.53,205.06,201.0,207.86
18386470.0,21158140.0,39763300.0,219.96,217.73,220.0,220.82,220.13,220.79,219.12,217.56,217.02,219.96
30031410.0,38885980.0,25879680.0,98.92,97.39,97.41,99.3,98.99,97.67,98.5,97.32,96.84,98.92
34355970.0,60793260.0,31251870.0,96.0,96.62,96.45,96.57,96.65,97.75,95.03,95.3,96.07,96.0
57668360.0,55548830.0,32426420.0,300.95,297.26,318.62,302.53,304.18,320.45,286.13,289.23,310.5,300.95
32461350.0,45179400.0,59029400.0,116.26,116.37,116.9,116.82,117.42,118.07,115.65,115.21,116.06,116.26
49250500.0,41994110.0,51054150.0,255.6,250.74,252.75,262.49,255.52,255.87,252.0,249.4,247.05,255.6
38018910.0,27697970.0,38771840.0,104.41,104.19,102.83,106.15,104.55,104.45,104.41,103.68,102.82,104.41
29748560.0,28364850.0,38612290.0,184.66,185.22,183.52,185.71,188.0,184.35,182.55,184.7,180.28,184.66
26204670.0,21983410.0,25402270.0,153.21,153.89,153.8,154.13,154.28,154.72,152.0,152.7,153.54,153.21
56544250.0,46893220.0,54794570.0,282.0,295.52,296.44,290.82,299.55,303.4,281.23,291.41,293.13,282.0
30280450.0,39494770.0,52902320.0,221.16,220.42,214.52,221.83,222.88,219.5,217.27,216.84,212.32,221.16
34117030.0,57097740.0,59118740.0,107.12,111.09,109.88,108.87,111.09,111.32,106.55,105.83,108.05,107.12
26334880.0,21029520.0,16331260.0,266.94,262.71,262.59,267.16,266.44,263.18,262.5,262.52,260.84,266.94
100423300.0,67964260.0,75058410.0,247.18,247.39,239.77,251.83,252.84,250.0,228.0,242.61,237.12,247.18
31538710.0,35890740.0,46026600.0,100.78,102.39,102.37,101.76,102.83,103.75,100.4,100.96,101.37,100.78
33520150.0,50674280.0,19994270.0,151.27,153.6,155.94,153.34,154.57,156.06,151.13,149.71,154.72,151.27
32931110.0,38313330.0,22676520.0,177.32,178.65,178.5,177.47,179.12,180.24,173.66,177.62,178.07,177.32
29729270.0,23430370.0,22811140.0,223.82,221.0,219.75,226.44,223.75,222.82,223.54,219.76,219.7,223.82
52126240.0,20565620.0,28157630.0,157.9,159.51,160.11,158.26,159.77,160.5,153.83,158.44,158.0,157.9
29282700.0,30889270.0,34755550.0,225.82,226.27,225.64,228.06,229.93,227.49,224.33,225.84,223.89,225.82
26932880.0,26220850.0,30684390.0,194.86,191.81,186.51,196.0,195.37,191.92,193.6,191.62,185.77,194.86
69281360.0,33935720.0,21673390.0,216.42,208.76,208.46,221.37,210.16,210.64,211.3,207.31,208.44,216.42
37847260.0,20912890.0,23975350.0,190.3,191.9,194.99,192.14,192.2,195.19,189.34,189.07,190.1,190.3
58279570.0,49793750.0,62800770.0,116.58,111.79,110.27,116.89,114.21,113.28,114.86,111.76,109.9,116.58
20544600.0,26575010.0,21561320.0,177.81,176.49,175.03,178.82,178.94,176.19,176.88,176.41,174.83,177.81
27710810.0,34454120.0,27207250.0,317.19,316.27,313.59,319.02,318.74,315.7,316.0,315.0,312.09,317.19
16339690.0,20848660.0,23451420.0,174.68,174.17,174.87,175.42,176.02,175.42,174.5,174.1,173.25,174.68
63000140.0,62285770.0,49046150.0,97.96,100.32,100.55,100.48,101.19,100.69,95.74,97.3,98.84,97.96
44182930.0,33498270.0,20783460.0,147.54,145.1,144.09,148.09,147.2,144.3,146.84,144.96,143.27,147.54
20117070.0,25080500.0,24833800.0,147.97,145.5,145.87,149.33,148.49,146.18,147.33,145.44,144.82,147.97
31632320.0,27185130.0,25649240.0,183.4,186.12,187.25,184.92,186.15,188.35,180.73,184.7,184.94,183.4
25938760.0,16412270.0,21477380.0,170.52,171.0,170.1,170.59,171.85,170.78,169.22,170.48,169.71,170.52
47767760.0,30327110.0,20495340.0,121.15,120.93,122.14,121.39,121.63,122.35,120.62,120.66,121.6,121.15
33009110.0,39483400.0,44829060.0,121.11,121.85,123.13,121.81,122.69,123.82,120.62,120.18,121.62,121.11
28508710.0,21400410.0,29707270.0,113.7,113.4,113.06,114.34,113.66,114.31,113.13,112.69,112.63,113.7
27877660.0,29644640.0,36633880.0,299.84,293.79,297.15,300.9,299.96,300.58,297.48,292.75,296.5,299.84
50674280.0,19994270.0,25912270.0,153.6,155.94,156.01,154.57,156.06,156.65,149.71,154.72,155.05,153.6
25804820.0,39461130.0,21258100.0,139.85,142.11,140.4,141.6,142.8,141.5,139.76,139.73,140.23,139.85
25458120.0,27710810.0,34454120.0,318.58,317.19,316.27,319.99,319.02,318.74,317.31,316.0,315.0,318.58
30149410.0,35034410.0,27595310.0,218.1,213.44,211.75,219.18,217.95,213.81,215.11,213.16,211.47,218.1
17192770.0,32429770.0,15649120.0,149.89,153.75,153.35,150.23,153.99,153.93,149.19,147.3,153.06,149.89
65648660.0,52099200.0,72274300.0,98.63,97.06,95.1,101.46,97.88,98.19,98.37,94.94,93.42,98.63
39281290.0,32788640.0,48748670.0,287.38,282.4,280.0,288.2,286.33,288.25,282.35,280.63,278.05,287.38
32483310.0,60774900.0,70583530.0,161.95,158.5,157.07,164.75,163.89,157.89,161.65,157.51,150.24,161.95
19906170.0,22930630.0,26892850.0,154.9,154.0,153.38,154.9,154.58,153.98,153.31,152.91,152.63,154.9
39461130.0,21258100.0,43700570.0,142.11,140.4,141.0,142.8,141.5,141.0,139.73,140.23,139.89,142.11
27207250.0,30480880.0,40653460.0,313.59,311.85,316.7,315.7,315.5,317.57,312.09,309.55,312.17,313.59
20591090.0,14026670.0,25558680.0,175.05,175.1,173.36,175.08,175.5,175.0,173.34,174.65,173.05,175.05
26219110.0,23766360.0,36464530.0,100.0,99.56,98.7,100.46,100.0,100.13,99.74,99.34,98.6,100.0
35407050.0,34355970.0,60793260.0,94.94,96.0,96.62,96.35,96.57,96.65,94.68,95.03,95.3,94.94
26356390.0,29706720.0,34154130.0,322.57,323.52,315.31,325.22,324.76,319.64,320.26,318.95,313.63,322.57
21477380.0,33113340.0,16339690.0,170.1,170.8,174.68,170.78,171.47,175.42,169.71,169.68,174.5,170.1
33259460.0,29616190.0,30483120.0,157.5,154.2,153.08,157.88,157.66,155.88,155.98,153.26,153.0,157.5
18761470.0,21674630.0,18253190.0,191.55,194.7,193.95,193.59,196.79,195.97,190.3,193.6,193.39,191.55
26387240.0,20591090.0,14026670.0,174.3,175.05,175.1,174.87,175.08,175.5,171.86,173.34,174.65,174.3
27649500.0,19865300.0,19970040.0,144.22,143.25,143.71,145.46,144.89,144.12,143.81,143.17,143.05,144.22
19576480.0,21189000.0,29174040.0,143.72,144.19,143.68,144.27,144.5,144.49,143.01,143.5,143.19,143.72
19977160.0,24308210.0,23583810.0,117.25,118.18,117.33,117.76,118.21,117.84,113.8,117.45,116.78,117.25
60154180.0,45765970.0,34320200.0,286.25,289.96,284.73,299.0,294.53,289.67,285.85,288.35,283.89,286.25
18958570.0,24603320.0,21785180.0,169.71,171.25,169.71,171.44,171.7,171.26,169.49,169.75,169.38,169.71
27057550.0,27453130.0,24432660.0,118.9,118.74,118.77,119.3,119.93,119.38,118.21,118.6,118.3,118.9
72187710.0,64782910.0,21144040.0,145.74,155.19,155.25,146.09,155.19,155.54,142.51,146.02,154.4,145.74
25361290.0,19088310.0,22481010.0,220.54,220.0,218.55,220.96,220.94,221.5,217.28,218.83,217.14,220.54
23580780.0,27337220.0,29421010.0,323.6,314.18,322.37,323.9,321.55,323.4,318.71,313.85,318.0,323.6
27684310.0,35055820.0,32661520.0,365.12,360.08,353.25,367.36,365.98,362.17,363.91,360.0,351.28,365.12
27052000.0,31306390.0,31087330.0,177.3,178.61,179.37,177.78,179.58,180.1,176.6,177.41,178.25,177.3
37425640.0,38116290.0,41464880.0,167.88,167.81,167.25,168.94,171.75,170.02,164.47,166.9,165.19,167.88
31203580.0,29264340.0,45247890.0,275.87,273.61,276.28,281.75,277.9,277.25,274.87,272.2,265.43,275.87
47800590.0,21513990.0,21124240.0,198.8,200.37,199.68,200.85,200.61,199.88,198.15,198.03,197.31,198.8
47507230.0,96197190.0,44654830.0,107.28,108.91,112.02,107.37,109.52,112.25,105.57,105.81,108.98,107.28
24435010.0,23171020.0,22560440.0,227.25,227.95,224.79,230.0,229.42,225.84,226.63,226.35,224.02,227.25
76183460.0,28641180.0,33653020.0,92.72,93.48,93.33,92.78,93.57,93.57,89.47,92.46,92.11,92.72
20118620.0,21895020.0,19217810.0,153.42,154.0,153.73,154.43,154.24,154.35,153.33,153.31,153.03,153.42
19578920.0,22117750.0,18695500.0,139.25,138.74,138.95,139.36,138.79,139.8,138.64,137.05,138.82,139.25
35626020.0,35041820.0,37512930.0,117.88,116.79,117.35,118.17,117.44,117.98,117.13,115.72,116.75,117.88
17223790.0,21215870.0,20088940.0,154.97,154.18,153.63,155.49,155.44,153.86,154.56,154.05,152.46,154.97
17427570.0,23286380.0,17841920.0,207.36,204.43,202.83,208.48,207.75,204.94,207.05,203.9,202.34,207.36
25737560.0,27953810.0,27817640.0,174.28,174.32,173.21,175.15,174.91,175.0,172.89,172.92,172.73,174.28
96197190.0,44654830.0,56157370.0,108.91,112.02,111.07,109.52,112.25,111.99,105.81,108.98,108.8,108.91
21654750.0,35738280.0,25829880.0,198.68,200.32,196.42,200.74,202.85,200.23,198.18,199.23,196.34,198.68
29377270.0,23693550.0,11654360.0,258.31,267.27,266.6,259.53,268.25,268.0,256.29,263.45,265.9,258.31
42621540.0,33090950.0,27877660.0,307.24,297.16,299.84,310.43,304.44,300.9,306.2,297.16,297.48,307.24
46315620.0,46418230.0,45870130.0,96.52,95.86,95.0,96.92,97.33,96.84,93.69,95.19,94.08,96.52
39824200.0,36778560.0,40984540.0,173.68,168.07,168.39,175.15,173.1,169.92,166.92,166.44,164.94,173.68
21983410.0,25402270.0,35907770.0,153.89,153.8,151.78,154.28,154.72,153.92,152.7,153.54,151.69,153.89
24683350.0,16956290.0,25129510.0,173.04,173.5,175.11,173.48,174.5,175.38,171.18,173.4,174.27,173.04
29271890.0,31627180.0,31203580.0,281.8,277.2,275.87,284.54,283.01,281.75,279.95,277.0,274.87,281.8
52411070.0,31048170.0,35951900.0,114.42,114.35,113.85,114.79,114.94,113.99,111.55,114.0,112.44,114.42
27377960.0,27607370.0,29377630.0,160.52,161.94,160.66,160.71,162.51,162.2,157.84,160.15,160.14,160.52
23345970.0,45579740.0,44182930.0,146.52,145.59,147.54,147.14,147.49,148.09,145.81,144.27,146.84,146.52
19173780.0,25676720.0,15281850.0,140.72,139.41,139.3,141.02,140.75,139.65,140.26,139.03,138.84,140.72
22224400.0,20940020.0,23793830.0,170.1,171.05,168.99,171.0,171.21,170.66,169.7,169.25,168.42,170.1
35678360.0,50278030.0,46594220.0,113.63,113.38,113.67,114.72,114.18,115.37,113.3,112.52,113.66,113.63
34437040.0,19723390.0,22632380.0,267.78,268.81,268.6,272.56,271.1,270.07,267.32,268.5,265.86,267.78
18505780.0,18965930.0,25682700.0,214.65,214.1,216.8,217.05,216.36,217.19,214.6,213.84,214.03,214.65
31890740.0,37708360.0,31672220.0,97.32,98.69,98.53,98.48,99.12,99.35,96.75,97.1,98.48,97.32
41484540.0,41459120.0,26387240.0,170.43,172.63,174.3,172.14,172.92,174.87,168.44,167.16,171.86,170.43
41141250.0,40537700.0,39424260.0,180.95,184.46,180.29,182.39,184.94,180.33,176.27,181.21,177.03,180.95
92143920.0,53454620.0,40290580.0,104.27,96.82,98.25,104.35,97.97,98.84,102.75,96.42,96.92,104.27
40814360.0,64332440.0,55622370.0,96.47,94.79,93.79,96.71,97.34,94.52,95.4,94.35,92.39,96.47
27308200.0,23524830.0,20710390.0,191.64,189.83,188.95,191.68,190.08,189.56,188.38,188.54,187.53,191.64
41662940.0,36928090.0,23913630.0,347.9,332.14,330.25,354.77,345.61,333.6,346.09,332.01,327.32,347.9
18969700.0,24093300.0,16367780.0,159.78,157.9,156.73,160.87,160.0,157.28,159.23,157.65,156.41,159.78
33843130.0,41587090.0,39732270.0,313.17,300.35,304.51,316.5,307.9,309.79,310.32,300.21,301.53,313.17
29174040.0,33348400.0,23531670.0,143.68,140.91,139.39,144.49,144.04,141.22,143.19,140.62,138.62,143.68
34113880.0,26481320.0,37034520.0,110.0,109.17,110.37,110.03,110.09,110.94,108.25,108.85,109.03,110.0
16543880.0,13954810.0,17675210.0,185.26,187.79,183.82,186.41,187.95,187.3,184.28,183.54,183.42,185.26
22355140.0,20299310.0,25804820.0,141.5,141.26,139.85,141.74,141.58,141.6,140.35,140.61,139.76,141.5
51529980.0,65648660.0,52099200.0,101.52,98.63,97.06,101.53,101.46,97.88,99.21,98.37,94.94,101.52
31096240.0,67678680.0,41626820.0,179.73,178.37,190.0,180.27,181.47,190.7,176.55,175.51,184.99,179.73
24129630.0,32361930.0,30790930.0,110.31,110.08,108.53,111.72,110.51,110.25,109.7,109.46,108.11,110.31
16658660.0,21131040.0,27649500.0,143.73,144.29,144.22,144.18,144.52,145.46,143.27,143.45,143.81,143.73
20495340.0,26320740.0,32417410.0,122.14,121.67,120.42,122.35,122.44,122.1,121.6,121.6,120.28,122.14
18083080.0,17014490.0,19046600.0,187.19,188.0,186.07,187.81,188.91,188.46,186.13,186.36,186.0,187.19
14277850.0,22986960.0,31450520.0,144.88,144.45,144.71,145.3,144.96,145.13,143.1,143.78,142.28,144.88
55622370.0,133059000.0,71937310.0,93.79,96.04,99.93,94.52,96.63,100.88,92.39,93.34,98.07,93.79
30148360.0,33770220.0,38018910.0,104.81,106.05,104.41,105.84,106.07,106.15,104.77,104.0,104.41,104.81
50155640.0,40575260.0,36486560.0,312.15,317.83,308.1,315.95,319.69,317.05,303.21,310.91,307.24,312.15
18369300.0,17916260.0,19932550.0,243.16,244.51,242.1,246.73,244.8,243.24,242.88,241.81,241.22,243.16
18582160.0,14107450.0,16866820.0,204.0,204.05,204.59,205.88,205.09,206.11,203.7,203.27,203.5,204.0
17302160.0,14676420.0,16529130.0,141.88,141.41,141.48,142.0,142.04,141.88,140.45,141.11,140.87,141.88
67569090.0,40885480.0,25184090.0,102.61,107.01,108.58,105.37,107.03,108.7,102.0,104.82,107.18,102.61
29357940.0,23553790.0,31735810.0,108.97,108.91,109.95,110.61,109.77,110.42,108.83,108.17,108.12,108.97
46858910.0,61192340.0,44223040.0,94.55,92.39,90.0,94.7,94.39,91.67,93.01,91.65,90.0,94.55
19217810.0,19201820.0,19906170.0,153.73,153.84,154.9,154.35,154.17,154.9,153.03,152.67,153.31,153.73
99202400.0,123601900.0,69639900.0,112.95,117.42,121.5,117.44,117.7,122.57,112.1,113.25,117.52,112.95
23975350.0,19005150.0,16553500.0,194.99,194.61,193.06,195.19,195.96,194.85,190.1,193.61,192.43,194.99
21029520.0,16331260.0,30348780.0,262.71,262.59,263.69,266.44,263.18,264.01,262.52,260.84,261.18,262.71
20848660.0,23451420.0,27393660.0,174.17,174.87,175.03,176.02,175.42,175.39,174.1,173.25,174.09,174.17
23598650.0,28998220.0,24683350.0,171.18,169.97,173.04,171.87,170.32,173.48,170.3,168.38,171.18,171.18
35578640.0,33054500.0,22989980.0,135.52,133.47,133.08,136.27,135.09,133.82,134.62,133.25,132.75,135.52
24336440.0,28508710.0,21400410.0,114.31,113.7,113.4,114.56,114.34,113.66,113.51,113.13,112.69,114.31
32879090.0,33031360.0,26544720.0,186.93,189.91,186.27,190.9,192.47,191.75,186.76,188.84,186.02,186.93
18653380.0,23751690.0,21532200.0,174.59,173.16,174.55,175.49,174.3,175.06,174.49,173.0,173.41,174.59
51106100.0,85436210.0,67673450.0,118.7,116.93,115.4,120.69,119.3,116.54,118.27,116.06,113.99,118.7
24093300.0,16367780.0,16380570.0,157.9,156.73,156.35,160.0,157.28,157.37,157.65,156.41,155.73,157.9
25364920.0,32771760.0,27150570.0,111.62,110.8,109.34,112.39,112.34,110.5,111.33,110.8,108.66,111.62
26393770.0,26675250.0,31639010.0,107.7,106.14,105.66,108.0,106.8,106.57,106.82,105.62,105.64,107.7
34581850.0,30237640.0,37425640.0,164.88,167.64,167.88,172.01,168.75,168.94,164.77,164.88,164.47,164.88
48702200.0,52033100.0,57774940.0,110.63,109.88,108.01,111.74,111.37,111.01,109.77,109.07,107.55,110.63
21827400.0,20514810.0,26604140.0,157.06,156.07,157.05,158.92,157.4,157.21,156.67,155.69,155.02,157.06
25912270.0,32493770.0,27236290.0,156.01,154.7,152.45,156.65,156.42,154.07,155.05,154.67,152.31,156.01
50036510.0,50415610.0,41662940.0,344.72,349.31,347.9,347.8,351.06,354.77,334.22,335.48,346.09,344.72
29644640.0,36633880.0,33911860.0,293.79,297.15,296.24,299.96,300.58,300.6,292.75,296.5,295.19,293.79
20710390.0,29771210.0,49696100.0,188.95,188.75,191.66,189.56,189.76,192.88,187.53,186.55,184.58,188.95
11362050.0,16935220.0,27316740.0,203.28,201.41,203.17,204.44,203.13,204.49,202.69,201.36,200.65,203.28
29139100.0,42268040.0,36299460.0,99.02,99.6,99.44,99.54,100.4,100.47,98.33,98.82,99.25,99.02
36792100.0,31396130.0,66028640.0,113.87,115.39,114.31,115.21,115.86,115.7,113.45,114.1,113.31,113.87
42876370.0,48407640.0,101593400.0,114.32,116.04,112.53,116.31,116.4,115.42,114.01,114.54,109.63,114.32
34755550.0,30352690.0,35767260.0,225.64,218.43,223.06,227.49,220.96,223.58,223.89,215.13,217.93,225.64
26117990.0,25458120.0,27710810.0,317.92,318.58,317.19,319.56,319.99,319.02,315.65,317.31,316.0,317.92
161882500.0,127246600.0,68176940.0,94.87,110.43,114.08,108.8,111.9,114.35,92.0,105.65,111.63,94.87
26296260.0,28010430.0,39546610.0,108.23,107.52,106.27,108.94,108.37,107.65,108.01,107.16,106.18,108.23
54145930.0,51467440.0,68171940.0,160.29,163.09,154.83,161.0,163.4,163.72,155.03,159.07,154.0,160.29
24377170.0,17272900.0,19286690.0,234.59,235.09,233.37,237.58,236.15,235.24,234.29,233.52,233.2,234.59
22010360.0,18612770.0,18463850.0,204.4,204.9,206.83,205.97,205.0,207.76,203.86,202.12,205.12,204.4
16365720.0,15515000.0,15009800.0,191.78,189.75,191.52,191.8,191.87,192.65,189.93,189.2,190.42,191.78
25323890.0,18958570.0,24603320.0,171.19,169.71,171.25,173.32,171.44,171.7,170.99,169.49,169.75,171.19
34394830.0,38236730.0,40026250.0,105.52,104.61,103.96,106.47,106.31,105.18,104.96,104.59,103.85,105.52
41587090.0,39732270.0,50155640.0,300.35,304.51,312.15,307.9,309.79,315.95,300.21,301.53,303.21,300.35
21466370.0,25111310.0,17170490.0,150.58,149.99,151.5,152.44,150.44,151.74,149.9,148.88,150.19,150.58
80742460.0,68384270.0,55583140.0,98.68,100.56,105.75,100.13,102.37,105.85,96.43,99.87,102.41,98.68
31834020.0,30417880.0,42009830.0,94.64,94.64,94.16,95.43,94.64,95.21,94.52,93.57,93.89,94.64
18458410.0,61438290.0,21584720.0,187.88,190.03,191.55,189.22,190.16,191.57,187.2,188.26,190.22,187.88
28449940.0,32018540.0,26924630.0,150.27,150.85,152.88,153.39,151.27,153.7,150.05,149.22,151.51,150.27
33391990.0,60154180.0,45765970.0,289.17,286.25,289.96,293.69,299.0,294.53,286.32,285.85,288.35,289.17
28595230.0,20679270.0,25864510.0,209.22,210.16,207.7,210.74,210.56,210.95,208.33,208.26,207.7,209.22
26609920.0,19069600.0,21700900.0,265.54,267.9,265.8,266.08,268.0,267.43,260.4,265.39,264.23,265.54
50303500.0,35131460.0,28949760.0,97.65,96.86,97.2,100.77,98.23,98.02,97.42,96.65,96.58,97.65
34790520.0,31130520.0,35709870.0,247.24,244.76,248.97,249.17,245.3,249.75,237.26,241.21,242.57,247.24
34702230.0,50036510.0,50415610.0,333.25,344.72,349.31,345.68,347.8,351.06,332.58,334.22,335.48,333.25
24378480.0,31632320.0,27185130.0,182.99,183.4,186.12,186.53,184.92,186.15,182.54,180.73,184.7,182.99
34320200.0,28001190.0,29271890.0,284.73,285.08,281.8,289.67,285.83,284.54,283.89,278.2,279.95,284.73
30352690.0,35767260.0,36187160.0,218.43,223.06,225.07,220.96,223.58,228.22,215.13,217.93,224.2,218.43
42557530.0,56137230.0,33944110.0,185.18,178.25,175.88,187.67,184.25,177.5,184.75,178.17,174.44,185.18
20490090.0,33538550.0,18458410.0,186.35,185.14,187.88,187.2,186.33,189.22,185.73,183.45,187.2,186.35
25558680.0,25047130.0,16041550.0,173.36,170.78,170.29,175.0,173.7,170.56,173.05,170.78,169.56,173.36
23265200.0,28487570.0,40170200.0,97.99,97.79,97.6,101.89,98.27,97.84,97.55,97.45,96.63,97.99
20299310.0,25804820.0,39461130.0,141.26,139.85,142.11,141.58,141.6,142.8,140.61,139.76,139.73,141.26
56770080.0,47844490.0,68388840.0,94.2,93.97,93.99,95.74,94.08,94.72,93.68,92.4,92.51,94.2
23389530.0,22493750.0,25525650.0,207.28,206.05,209.32,209.78,207.81,209.5,207.2,204.52,206.76,207.28
111186900.0,62080160.0,45114590.0,108.73,107.51,102.65,113.03,108.79,105.72,108.6,107.24,102.53,108.73
67673450.0,66139770.0,59251740.0,115.4,118.08,116.7,116.54,118.13,119.23,113.99,114.92,116.33,115.4
36529740.0,29748560.0,28364850.0,179.8,184.66,185.22,180.54,185.71,188.0,177.81,182.55,184.7,179.8
19354440.0,25568350.0,25686350.0,106.0,105.47,106.48,106.19,106.25,107.07,105.06,104.89,105.9,106.0
48670440.0,27254850.0,23345970.0,149.03,146.76,146.52,153.7,148.98,147.14,149.03,146.76,145.81,149.03
54851010.0,38610120.0,52828890.0,116.53,114.58,115.97,119.99,116.25,116.5,116.53,114.5,114.12,116.53
27883360.0,36547440.0,47539790.0,203.46,203.16,201.02,205.14,206.44,212.14,199.67,202.59,200.83,203.46
20254650.0,38399530.0,33449100.0,317.75,319.25,316.77,322.35,321.15,323.44,317.21,316.47,315.63,317.75
23714690.0,36529740.0,29748560.0,180.2,179.8,184.66,182.14,180.54,185.71,178.62,177.81,182.55,180.2
51861990.0,56005550.0,50061580.0,113.85,116.44,113.25,114.57,116.69,115.5,112.44,114.02,112.37,113.85
41084070.0,26656630.0,28784550.0,225.46,223.64,222.21,226.35,227.27,224.8,216.05,222.25,220.2,225.46
76562170.0,56111590.0,53075960.0,110.15,112.03,112.17,111.88,114.53,113.31,107.36,112.0,111.54,110.15
26147280.0,33508960.0,25418110.0,155.79,155.48,154.11,156.33,158.13,154.48,153.66,154.32,151.74,155.79
24619750.0,27009520.0,33364400.0,201.3,200.2,195.41,202.76,203.53,199.56,199.29,199.39,193.82,201.3
39732270.0,50155640.0,40575260.0,304.51,312.15,317.83,309.79,315.95,319.69,301.53,303.21,310.91,304.51
24332120.0,34770480.0,59332210.0,173.91,172.37,174.0,175.25,174.99,174.26,173.6,171.72,171.12,173.91
23765710.0,20117070.0,25080500.0,148.82,147.97,145.5,150.9,149.33,148.49,148.57,147.33,145.44,148.82
48407640.0,101593400.0,96820670.0,116.04,112.53,117.81,116.4,115.42,118.18,114.54,109.63,113.33,116.04
26924630.0,35661200.0,45034370.0,152.88,152.5,151.29,153.7,153.97,154.53,151.51,150.86,149.63,152.88
18457720.0,18505780.0,18965930.0,216.6,214.65,214.1,216.9,217.05,216.36,215.11,214.6,213.84,216.6
21081620.0,28769220.0,30555900.0,115.85,115.8,116.65,116.51,116.33,117.2,115.75,114.76,115.43,115.85
37322930.0,25820460.0,25763840.0,110.42,108.78,109.72,112.19,110.0,109.9,110.27,108.2,108.88,110.42
101593400.0,96820670.0,54851010.0,112.53,117.81,116.53,115.42,118.18,119.99,109.63,113.33,116.53,112.53
16380570.0,16861450.0,15603520.0,156.35,155.97,156.06,157.37,156.98,158.0,155.73,155.75,155.1,156.35
23451420.0,27393660.0,29385650.0,174.87,175.03,174.88,175.42,175.39,177.2,173.25,174.09,174.86,174.87
25058280.0,27368840.0,33490630.0,101.91,102.24,101.41,102.91,102.28,102.24,101.78,101.5,100.15,101.91
43665160.0,35850220.0,40984160.0,93.37,94.0,95.2,93.45,94.07,95.9,91.85,92.68,93.82,93.37
30912260.0,26639930.0,13596680.0,106.96,107.59,109.0,109.43,107.69,109.0,106.86,106.18,107.95,106.96
45579740.0,44182930.0,33498270.0,145.59,147.54,145.1,147.49,148.09,147.2,144.27,146.84,144.96,145.59
25093670.0,22395560.0,25817590.0,263.68,263.75,261.13,265.78,264.88,264.78,263.01,262.1,261.07,263.68
46937190.0,79763890.0,90398170.0,115.19,115.12,113.86,116.18,116.13,115.73,113.25,114.04,113.49,115.19
19970040.0,19576480.0,21189000.0,143.71,143.72,144.19,144.12,144.27,144.5,143.05,143.01,143.5,143.71
32771760.0,27150570.0,29357940.0,110.8,109.34,108.97,112.34,110.5,110.61,110.8,108.66,108.83,110.8
27453130.0,24432660.0,33420290.0,118.74,118.77,117.95,119.93,119.38,119.43,118.6,118.3,117.94,118.74
27623150.0,58724080.0,32230590.0,109.81,106.7,106.57,110.35,110.23,107.68,108.83,106.6,106.16,109.81
16386120.0,26334880.0,21029520.0,265.58,266.94,262.71,267.98,267.16,266.44,265.31,262.5,262.52,265.58
53168580.0,64678220.0,46810020.0,111.94,112.18,115.19,112.8,112.68,115.39,110.35,109.79,112.85,111.94
17352380.0,24987260.0,24378480.0,184.1,185.23,182.99,186.21,187.28,186.53,183.8,184.03,182.54,184.1
47844490.0,68388840.0,82107120.0,93.97,93.99,97.61,94.08,94.72,97.88,92.4,92.51,94.25,93.97
27337220.0,29421010.0,26356390.0,314.18,322.37,322.57,321.55,323.4,325.22,313.85,318.0,320.26,314.18
32130360.0,24518850.0,31686450.0,177.96,175.48,174.94,180.0,177.12,175.85,177.39,175.07,174.27,177.96
44282560.0,53920550.0,46315620.0,94.29,93.13,96.52,95.94,95.7,96.92,93.93,93.04,93.69,94.29
29264340.0,45247890.0,32503750.0,273.61,276.28,277.95,277.9,277.25,281.68,272.2,265.43,276.85,273.61
11654360.0,16386120.0,26334880.0,266.6,265.58,266.94,268.0,267.98,267.16,265.9,265.31,262.5,266.6
45941750.0,41156140.0,44662320.0,176.73,171.51,174.24,181.29,174.77,174.95,174.93,170.88,170.26,176.73
44289650.0,31777930.0,27309400.0,218.07,213.86,214.84,223.71,216.78,216.44,217.73,211.71,211.07,218.07
29723750.0,38794930.0,37622200.0,110.8,111.78,110.93,111.75,112.0,112.1,110.11,110.53,110.49,110.8
34380630.0,48155850.0,53038870.0,360.7,365.0,364.0,365.0,368.79,372.38,357.57,358.52,362.27,360.7
45595680.0,75219710.0,32042290.0,93.0,92.91,95.94,93.05,94.66,96.29,91.5,92.65,95.25,93.0
26869880.0,31495630.0,36810120.0,218.5,217.79,222.15,219.62,221.85,222.95,215.3,217.12,217.27,218.5
25338630.0,17265520.0,11362050.0,200.81,203.35,203.28,201.4,205.08,204.44,198.41,202.9,202.69,200.81
43293350.0,26176690.0,34324350.0,113.84,113.29,112.31,115.92,115.0,114.7,113.75,112.49,112.31,113.84
28949760.0,27526040.0,36192150.0,97.2,96.05,93.98,98.02,96.76,96.38,96.58,95.25,93.32,97.2
31714820.0,22115100.0,21081620.0,116.78,115.92,115.85,118.16,116.86,116.51,116.47,115.81,115.75,116.78
42276880.0,48929200.0,29723750.0,114.0,111.34,110.8,115.58,114.17,111.75,113.7,110.82,110.11,114.0
29512410.0,25302200.0,18653380.0,177.9,176.18,174.59,179.39,177.36,175.49,176.14,175.65,174.49,177.9
21846400.0,18890250.0,17154540.0,174.16,171.58,171.8,175.87,173.0,172.37,173.95,171.38,170.3,174.16
25568350.0,25686350.0,32345430.0,105.47,106.48,105.25,106.25,107.07,107.29,104.89,105.9,105.21,105.47
18220420.0,47800590.0,21513990.0,198.54,198.8,200.37,200.16,200.85,200.61,198.17,198.15,198.03,198.54
23693550.0,11654360.0,16386120.0,267.27,266.6,265.58,268.25,268.0,267.98,263.45,265.9,265.31,267.27
25682700.0,30149410.0,35034410.0,216.8,218.1,213.44,217.19,219.18,217.95,214.03,215.11,213.16,216.8
27393660.0,29385650.0,40122100.0,175.03,174.88,173.63,175.39,177.2,174.17,174.09,174.86,172.46,175.03
36912040.0,33570380.0,44371580.0,123.15,123.38,123.09,123.5,123.91,123.61,122.27,122.55,122.12,123.15
66139770.0,59251740.0,41430660.0,118.08,116.7,114.33,118.13,119.23,115.5,114.92,116.33,114.1,118.08
52228910.0,41976500.0,35617230.0,166.41,162.13,164.0,169.2,167.26,164.33,165.27,161.84,160.63,166.41
31396130.0,66028640.0,46820600.0,115.39,114.31,117.95,115.86,115.7,118.36,114.1,113.31,117.31,115.39
20912890.0,23975350.0,19005150.0,191.9,194.99,194.61,192.2,195.19,195.96,189.07,190.1,193.61,191.9
70722000.0,80742460.0,68384270.0,98.55,98.68,100.56,99.11,100.13,102.37,96.76,96.43,99.87,98.55
26547490.0,18661340.0,16810390.0,267.48,263.79,261.07,271.0,265.89,263.31,267.3,262.73,260.68,267.48
41523580.0,45941750.0,41156140.0,182.66,176.73,171.51,182.8,181.29,174.77,177.7,174.93,170.88,182.66
35951900.0,34494150.0,46937190.0,113.85,113.05,115.19,113.99,114.12,116.18,112.44,112.51,113.25,113.85
32152870.0,49305220.0,51106100.0,119.87,120.99,118.7,121.36,121.22,120.69,119.61,119.45,118.27,119.87
25047130.0,16041550.0,21884010.0,170.78,170.29,171.04,173.7,170.56,171.39,170.78,169.56,169.64,170.78
27363960.0,43177540.0,48696960.0,228.41,226.51,223.25,229.18,228.87,228.26,226.63,226.0,222.4,228.41
28962980.0,19029420.0,29282700.0,227.93,227.03,225.82,230.44,227.79,228.06,227.3,225.64,224.33,227.93
68171940.0,72215320.0,85957050.0,154.83,159.1,166.0,163.72,163.88,166.8,154.0,156.0,160.1,154.83
19723390.0,22632380.0,32182650.0,268.81,268.6,270.0,271.1,270.07,270.8,268.5,265.86,264.91,268.81
25080500.0,24833800.0,18647220.0,145.5,145.87,144.73,148.49,146.18,145.85,145.44,144.82,144.38,145.5
18648700.0,27460070.0,23839880.0,107.78,108.52,108.71,108.44,108.93,108.9,107.78,107.85,107.76,107.78
22481010.0,31434370.0,19419650.0,218.55,221.03,218.95,221.5,222.49,219.84,217.14,217.19,217.65,218.55
28769220.0,30555900.0,14979680.0,115.8,116.65,116.45,116.33,117.2,117.11,114.76,115.43,116.4,115.8
21218410.0,28481170.0,27948160.0,177.95,176.42,178.92,179.23,179.35,180.59,176.67,176.0,177.91,177.95
34908610.0,26339500.0,38763700.0,200.4,201.9,205.88,201.68,205.34,207.42,196.66,201.75,200.83,200.4
26639930.0,13596680.0,32618140.0,107.59,109.0,107.27,107.69,109.0,108.85,106.18,107.95,107.2,107.59
40537700.0,39424260.0,41523580.0,184.46,180.29,182.66,184.94,180.33,182.8,181.21,177.03,177.7,184.46
30521720.0,35217270.0,42621540.0,311.64,310.6,307.24,317.07,312.67,310.43,311.15,308.25,306.2,311.64
25643090.0,18386470.0,21158140.0,221.06,219.96,217.73,222.85,220.82,220.13,219.44,219.12,217.56,221.06
15281850.0,17048800.0,19578920.0,139.3,138.85,139.25,139.65,139.43,139.36,138.84,138.82,138.64,139.3
14107450.0,16866820.0,16947420.0,204.05,204.59,204.09,205.09,206.11,205.87,203.27,203.5,204.0,204.05
30386830.0,52720620.0,61747260.0,112.73,110.0,110.19,112.75,112.28,110.19,111.44,109.49,108.21,112.73
85436210.0,67673450.0,66139770.0,116.93,115.4,118.08,119.3,116.54,118.13,116.06,113.99,114.92,116.93
51608850.0,58133850.0,37169230.0,155.84,148.3,148.15,156.77,157.23,151.55,150.07,146.72,146.59,155.84
33054500.0,22989980.0,20046250.0,133.47,133.08,132.46,135.09,133.82,132.94,133.25,132.75,132.05,133.47
46882840.0,22267820.0,21564750.0,209.43,213.19,212.99,212.05,214.44,213.65,201.0,210.75,211.6,209.43
29385650.0,40122100.0,20442740.0,174.88,173.63,172.4,177.2,174.17,173.13,174.86,172.46,171.65,174.88
28106110.0,29663910.0,28510370.0,375.41,370.0,367.85,378.62,375.78,370.47,372.23,369.87,363.64,375.41
40558490.0,40485010.0,36634380.0,312.6,310.06,320.25,318.4,311.77,323.33,312.19,304.88,317.52,312.6
25402270.0,35907770.0,44366140.0,153.8,151.78,149.99,154.72,153.92,151.83,153.54,151.69,149.16,153.8
29800240.0,52411070.0,31048170.0,111.64,114.42,114.35,113.39,114.79,114.94,111.55,111.55,114.0,111.64
46717770.0,48702200.0,52033100.0,111.74,110.63,109.88,111.77,111.74,111.37,109.41,109.77,109.07,111.74
31961120.0,28540490.0,24435010.0,230.78,230.05,227.25,232.35,233.47,230.0,226.73,229.78,226.63,230.78
28998220.0,24683350.0,16956290.0,169.97,173.04,173.5,170.32,173.48,174.5,168.38,171.18,173.4,169.97
56157370.0,53168580.0,64678220.0,111.07,111.94,112.18,111.99,112.8,112.68,108.8,110.35,109.79,111.07
19090050.0,23243160.0,22727370.0,194.79,193.25,191.09,196.37,196.5,194.46,193.14,193.15,191.05,194.79
25656110.0,28397810.0,27315530.0,169.03,167.5,169.06,170.44,170.2,171.52,168.91,166.46,168.4,169.03
71574560.0,31506890.0,28411740.0,162.61,160.5,160.86,163.96,162.05,161.15,158.77,159.89,158.53,162.61
25001730.0,23606240.0,21236850.0,107.39,108.57,108.59,107.88,108.75,109.32,106.68,107.68,108.53,107.39
21532200.0,20523870.0,23589930.0,174.55,174.35,173.44,175.06,175.61,175.37,173.41,173.93,173.05,174.55
25400540.0,25938760.0,16412270.0,170.16,170.52,171.0,172.3,170.59,171.85,169.26,169.22,170.48,170.16
96531890.0,102731700.0,161882500.0,107.09,111.11,94.87,109.89,111.11,108.8,105.05,103.5,92.0,107.09
34806250.0,38063130.0,13046450.0,118.75,117.99,118.29,118.81,119.41,118.41,116.86,117.75,117.6,118.75
25779060.0,38907940.0,48670440.0,153.63,153.87,149.03,153.94,154.88,153.7,152.11,153.45,149.03,153.63
19088170.0,34260890.0,23285760.0,172.15,169.2,170.49,172.39,172.89,171.0,171.46,168.79,168.82,172.15
36505420.0,40387960.0,45595680.0,93.97,92.9,93.0,94.55,93.66,93.05,93.63,92.14,91.5,93.97
36396590.0,65270950.0,34693280.0,166.84,170.6,174.95,166.92,171.22,175.39,164.09,165.43,172.66,166.84
23907540.0,42357420.0,16252850.0,156.61,156.75,160.42,157.75,157.08,160.71,155.96,155.02,159.6,156.61
41335980.0,36387880.0,19620520.0,170.0,175.04,175.24,172.68,175.09,176.8,168.6,171.26,174.94,170.0
42288790.0,44282560.0,53920550.0,95.92,94.29,93.13,96.35,95.94,95.7,94.1,93.93,93.04,95.92
21329170.0,20912820.0,21535570.0,194.14,193.63,193.07,194.2,194.08,193.94,192.34,191.92,192.36,194.14
33655810.0,31416910.0,30576980.0,105.01,106.93,106.64,106.48,106.93,108.09,104.62,105.52,106.06,105.01
23639070.0,20393070.0,26167950.0,186.78,189.01,189.49,187.07,189.53,190.06,185.1,187.86,187.45,186.78
17837130.0,23765710.0,20117070.0,149.2,148.82,147.97,150.13,150.9,149.33,148.67,148.57,147.33,149.2
21341960.0,42747950.0,32445680.0,119.21,117.33,119.27,119.23,119.35,119.73,117.92,117.12,117.34,119.21
33408050.0,62317430.0,67812280.0,207.03,200.58,199.13,208.74,208.38,201.76,205.48,200.35,197.31,207.03
32426420.0,25141490.0,23495990.0,318.62,322.63,320.0,320.45,324.65,324.57,310.5,318.21,320.0,318.62
60793260.0,31251870.0,29373050.0,96.62,96.45,97.82,96.65,97.75,98.41,95.3,96.07,97.03,96.62
22858840.0,22401040.0,28567110.0,173.41,172.23,173.0,175.0,173.92,174.0,173.04,171.7,171.53,173.41
15649120.0,18798250.0,21466370.0,153.35,151.8,150.58,153.93,153.84,152.44,153.06,151.8,149.9,153.35
111837300.0,47767760.0,30327110.0,127.03,121.15,120.93,130.49,121.39,121.63,127.01,120.62,120.66,127.03
21337310.0,27756760.0,44284660.0,116.74,115.8,116.47,117.5,117.38,116.5,116.68,115.75,115.65,116.74
37977020.0,31834020.0,30417880.0,95.87,94.64,94.64,97.19,95.43,94.64,95.67,94.52,93.57,95.87
32226670.0,44289650.0,31777930.0,224.8,218.07,213.86,226.42,223.71,216.78,222.86,217.73,211.71,224.8
40620360.0,31754210.0,35474680.0,169.0,170.49,170.4,169.08,172.57,171.92,165.28,169.55,169.02,169.0
27236290.0,25779060.0,38907940.0,152.45,153.63,153.87,154.07,153.94,154.88,152.31,152.11,153.45,152.45
21982000.0,29922650.0,25554290.0,120.0,120.45,119.4,120.81,120.45,120.09,119.77,119.73,119.37,120.0
41678680.0,42704910.0,41141250.0,173.49,171.76,180.95,174.49,174.78,182.39,168.3,170.42,176.27,173.49
21247590.0,24877950.0,32203640.0,145.52,146.87,143.66,146.07,146.87,146.74,144.61,144.94,143.66,145.52
29158640.0,46301930.0,34275420.0,116.04,117.64,117.52,116.94,117.69,118.6,115.51,115.08,116.86,116.04
22378380.0,23265200.0,28487570.0,99.25,97.99,97.79,99.87,101.89,98.27,98.96,97.55,97.45,99.25
40122100.0,20442740.0,23402510.0,173.63,172.4,172.5,174.17,173.13,173.54,172.46,171.65,172.0,173.63
32234520.0,45635470.0,50565420.0,166.87,165.53,170.16,168.44,167.37,170.16,166.5,164.7,167.07,166.87
62080160.0,45114590.0,46461610.0,107.51,102.65,104.64,108.79,105.72,105.72,107.24,102.53,103.13,107.51
27391950.0,27377960.0,27607370.0,157.86,160.52,161.94,159.5,160.71,162.51,156.72,157.84,160.15,157.86
16252850.0,18969700.0,24093300.0,160.42,159.78,157.9,160.71,160.87,160.0,159.6,159.23,157.65,160.42
38190550.0,20028450.0,23686890.0,315.36,324.74,324.19,319.75,325.98,326.22,314.61,322.85,323.35,315.36
14198660.0,19998050.0,18325720.0,143.92,144.47,143.91,144.16,144.6,144.9,143.31,143.38,143.87,143.92
23623970.0,31096240.0,67678680.0,174.94,179.73,178.37,176.6,180.27,181.47,172.1,176.55,175.51,174.94
15801370.0,19636390.0,17426160.0,190.71,189.5,185.42,191.28,190.68,188.43,190.18,189.3,185.2,190.71
26178840.0,26560420.0,37322930.0,110.23,109.51,110.42,110.98,110.73,112.19,109.2,109.42,110.27,110.23
114436300.0,52979780.0,27997990.0,96.0,103.91,105.0,98.71,105.3,105.65,95.68,103.91,104.51,96.0
66028640.0,46820600.0,23492650.0,114.31,117.95,117.1,115.7,118.36,117.74,113.31,117.31,117.0,114.31
27715140.0,16383610.0,24452750.0,153.58,153.17,153.97,155.45,153.33,154.17,152.89,152.22,152.38,153.58
57977090.0,22187880.0,25643090.0,221.38,222.01,221.06,222.56,223.76,222.85,217.47,220.37,219.44,221.38
12119710.0,24677880.0,69032740.0,284.69,280.53,282.23,284.89,284.25,282.65,282.92,280.37,278.56,284.69
40984160.0,56770080.0,47844490.0,95.2,94.2,93.97,95.9,95.74,94.08,93.82,93.68,92.4,95.2
36486560.0,33511990.0,28803760.0,308.1,305.64,303.22,317.05,310.35,305.17,307.24,304.29,301.97,308.1
29124140.0,35407050.0,34355970.0,96.25,94.94,96.0,96.89,96.35,96.57,95.35,94.68,95.03,96.25
27009520.0,33364400.0,35824790.0,200.2,195.41,196.31,203.53,199.56,198.07,199.39,193.82,194.04,200.2
54571440.0,57423650.0,91106840.0,148.7,144.53,143.98,148.83,148.55,145.72,145.9,143.8,142.0,148.7
33031360.0,26544720.0,36529680.0,189.91,186.27,186.41,192.47,191.75,189.7,188.84,186.02,185.41,189.91
31774720.0,66072170.0,91046560.0,201.92,204.3,209.55,204.72,204.39,213.65,201.69,198.17,205.43,201.92
43250420.0,40620360.0,31754210.0,165.45,169.0,170.49,168.35,169.08,172.57,162.73,165.28,169.55,165.45
48706170.0,37568080.0,38885510.0,178.54,179.26,179.1,179.78,180.62,180.48,172.66,178.05,178.16,178.54
32445680.0,34135230.0,43233950.0,119.27,119.2,117.64,119.73,119.92,119.75,117.34,118.85,116.76,119.27
40026250.0,25058280.0,27368840.0,103.96,101.91,102.24,105.18,102.91,102.28,103.85,101.78,101.5,103.96
23285760.0,25656110.0,28397810.0,170.49,169.03,167.5,171.0,170.44,170.2,168.82,168.91,166.46,170.49
34275420.0,32063100.0,57717870.0,117.52,118.98,115.29,118.6,119.86,119.25,116.86,117.81,115.11,117.52
21480120.0,16859020.0,18069930.0,192.42,191.39,191.35,192.88,192.61,191.97,190.44,191.15,190.21,192.42
50455070.0,32470020.0,41483490.0,250.9,242.8,240.34,263.11,245.7,245.15,249.38,238.97,236.9,250.9
28601630.0,41357180.0,34702230.0,355.15,351.46,333.25,355.4,353.2,345.68,351.09,344.72,332.58,355.15
46873670.0,25364920.0,32771760.0,112.11,111.62,110.8,112.3,112.39,112.34,109.73,111.33,110.8,112.11
18680930.0,15955820.0,20670830.0,192.45,190.68,191.78,193.66,191.96,192.43,192.05,189.56,190.17,192.45
57423650.0,91106840.0,35637070.0,144.53,143.98,154.89,148.55,145.72,158.85,143.8,142.0,154.23,144.53
19029420.0,29282700.0,30889270.0,227.03,225.82,226.27,227.79,228.06,229.93,225.64,224.33,225.84,227.03
25674500.0,35421310.0,19082170.0,147.17,145.13,145.77,148.28,147.16,146.7,145.38,145.11,145.12,147.17
15957630.0,25897340.0,26066130.0,204.1,207.86,205.86,205.72,208.55,207.19,203.32,203.53,205.06,204.1
19994270.0,25912270.0,32493770.0,155.94,156.01,154.7,156.06,156.65,156.42,154.72,155.05,154.67,155.94
45547590.0,31154910.0,19354440.0,108.65,104.89,106.0,110.42,107.79,106.19,108.6,104.88,105.06,108.65
24432660.0,33420290.0,31714820.0,118.77,117.95,116.78,119.38,119.43,118.16,118.3,117.94,116.47,118.77
24755470.0,20755140.0,19238480.0,173.87,174.67,175.94,174.44,175.49,176.0,172.02,173.94,174.54,173.87
25649890.0,25184600.0,19782170.0,160.14,159.65,160.43,162.0,160.56,160.74,159.93,159.27,158.55,160.14
38763700.0,32443110.0,20892380.0,205.88,204.29,210.89,207.42,208.84,211.84,200.83,203.5,210.23,205.88
32042290.0,29124140.0,35407050.0,95.94,96.25,94.94,96.29,96.89,96.35,95.25,95.35,94.68,95.94
31801970.0,41411350.0,49118510.0,225.75,223.52,224.94,226.84,228.35,225.0,222.52,222.57,219.84,225.75
30341520.0,18904680.0,16658660.0,142.94,143.6,143.73,143.35,143.88,144.18,140.06,142.9,143.27,142.94
21674630.0,18253190.0,26932880.0,194.7,193.95,194.86,196.79,195.97,196.0,193.6,193.39,193.6,194.7
40290580.0,28218240.0,32690080.0,98.25,99.26,99.83,98.84,99.3,101.0,96.92,98.31,99.13,98.25
22187880.0,25643090.0,18386470.0,222.01,221.06,219.96,223.76,222.85,220.82,220.37,219.44,219.12,222.01
22395560.0,25817590.0,21847230.0,263.75,261.13,261.55,264.88,264.78,262.79,262.1,261.07,260.92,263.75
22074760.0,26208970.0,39636190.0,159.32,156.6,159.9,160.21,158.57,160.0,158.75,156.07,154.63,159.32
39424260.0,41523580.0,45941750.0,180.29,182.66,176.73,180.33,182.8,181.29,177.03,177.7,174.93,180.29
37350060.0,52126240.0,20565620.0,155.8,157.9,159.51,155.8,158.26,159.77,152.75,153.83,158.44,155.8
49046150.0,49687870.0,70722000.0,100.55,98.97,98.55,100.69,99.06,99.11,98.84,97.34,96.76,100.55
28567110.0,28976200.0,34949690.0,173.0,169.88,170.97,174.0,173.09,172.48,171.53,169.85,168.2,173.0
31251870.0,29373050.0,31890740.0,96.45,97.82,97.32,97.75,98.41,98.48,96.07,97.03,96.75,96.45
31672220.0,26575570.0,20839950.0,98.53,98.5,99.02,99.35,99.99,99.56,98.48,98.46,98.68,98.53
38866100.0,44811800.0,48032600.0,98.84,96.67,95.02,98.89,98.21,96.85,96.09,96.15,94.61,98.84
39763300.0,32226670.0,44289650.0,220.0,224.8,218.07,220.79,226.42,223.71,217.02,222.86,217.73,220.0
25432390.0,33843130.0,41587090.0,315.03,313.17,300.35,318.52,316.5,307.9,313.01,310.32,300.21,315.03
21144040.0,21017560.0,26591850.0,155.25,155.02,153.9,155.54,155.98,155.81,154.4,154.48,153.78,155.25
22551660.0,17352380.0,24987260.0,186.29,184.1,185.23,187.19,186.21,187.28,182.91,183.8,184.03,186.29
38610120.0,52828890.0,99202400.0,114.58,115.97,112.95,116.25,116.5,117.44,114.5,114.12,112.1,114.58
80151380.0,49678430.0,57668360.0,281.1,286.53,300.95,286.0,297.88,302.53,272.96,286.5,286.13,281.1
26176690.0,34324350.0,27049830.0,113.29,112.31,110.86,115.0,114.7,112.43,112.49,112.31,110.6,113.29
22401040.0,28567110.0,28976200.0,172.23,173.0,169.88,173.92,174.0,173.09,171.7,171.53,169.85,172.23
21017560.0,26591850.0,25277680.0,155.02,153.9,154.34,155.98,155.81,154.45,154.48,153.78,153.46,155.02
14991570.0,18355210.0,22277930.0,207.67,208.46,203.65,209.15,208.91,207.23,207.17,207.29,203.61,207.67
24205100.0,28601630.0,41357180.0,351.41,355.15,351.46,353.45,355.4,353.2,349.22,351.09,344.72,351.41
25829880.0,18473070.0,19090050.0,196.42,196.45,194.79,200.23,197.1,196.37,196.34,195.93,193.14,196.42
40113790.0,50908540.0,40382890.0,172.36,169.79,163.05,174.82,173.09,167.54,171.77,169.0,162.88,172.36
95497900.0,64398230.0,47597670.0,156.86,160.4,166.0,158.16,162.11,167.45,149.63,155.3,159.09,156.86
23735080.0,18966120.0,19974430.0,258.74,256.77,257.05,260.35,257.49,258.19,258.11,255.37,256.32,258.74
17439210.0,21229890.0,21555370.0,139.06,139.37,138.78,139.98,139.77,139.83,138.79,138.6,138.59,139.06
36928090.0,23913630.0,34312550.0,332.14,330.25,323.35,345.61,333.6,331.75,332.01,327.32,323.23,332.14
34260890.0,23285760.0,25656110.0,169.2,170.49,169.03,172.89,171.0,170.44,168.79,168.82,168.91,169.2
57717870.0,41511380.0,33316990.0,115.29,116.55,117.05,119.25,116.79,118.11,115.11,114.22,116.08,115.29
21258100.0,43700570.0,19173780.0,140.4,141.0,140.72,141.5,141.0,141.02,140.23,139.89,140.26,140.4
25100510.0,22858840.0,22401040.0,174.78,173.41,172.23,175.84,175.0,173.92,173.85,173.04,171.7,174.78
83825220.0,96531890.0,102731700.0,112.23,107.09,111.11,113.24,109.89,111.11,110.02,105.05,103.5,112.23
16367780.0,16380570.0,16861450.0,156.73,156.35,155.97,157.28,157.37,156.98,156.41,155.73,155.75,156.73
79763890.0,90398170.0,111186900.0,115.12,113.86,108.73,116.13,115.73,113.03,114.04,113.49,108.6,115.12
30889270.0,34755550.0,30352690.0,226.27,225.64,218.43,229.93,227.49,220.96,225.84,223.89,215.13,226.27
25784420.0,25108890.0,21918340.0,108.86,108.77,109.23,109.1,109.69,109.6,107.85,108.36,109.02,108.86
35907770.0,44366140.0,46575410.0,151.78,149.99,152.02,153.92,151.83,152.27,151.69,149.16,150.56,151.78
24987260.0,24378480.0,31632320.0,185.23,182.99,183.4,187.28,186.53,184.92,184.03,182.54,180.73,185.23
35454230.0,43607120.0,34394830.0,105.93,106.34,105.52,107.65,106.5,106.47,105.14,105.19,104.96,105.93
35034410.0,27595310.0,28595230.0,213.44,211.75,209.22,217.95,213.81,210.74,213.16,211.47,208.33,213.44
20046250.0,28321440.0,22941650.0,132.46,131.65,131.35,132.94,132.45,132.22,132.05,131.12,131.22,132.46
20859830.0,17837130.0,23765710.0,150.48,149.2,148.82,151.42,150.13,150.9,149.95,148.67,148.57,150.48
20578020.0,25338630.0,17265520.0,199.2,200.81,203.35,201.51,201.4,205.08,198.81,198.41,202.9,199.2
23913630.0,34312550.0,21890090.0,330.25,323.35,324.39,333.6,331.75,325.62,327.32,323.23,320.78,330.25
39194720.0,37418910.0,34121240.0,220.95,221.85,226.23,221.85,225.37,227.35,216.47,220.71,221.3,220.95
41430660.0,42276880.0,48929200.0,114.33,114.0,111.34,115.5,115.58,114.17,114.1,113.7,110.82,114.33
30967960.0,40396070.0,27043580.0,175.44,175.6,176.23,179.83,177.92,177.99,174.52,170.27,174.99,175.44
34494150.0,46937190.0,79763890.0,113.05,115.19,115.12,114.12,116.18,116.13,112.51,113.25,114.04,113.05
84757780.0,54507300.0,49904460.0,113.76,111.65,108.97,114.02,112.56,110.45,109.77,110.32,108.51,113.76
58133850.0,37169230.0,95497900.0,148.3,148.15,156.86,157.23,151.55,158.16,146.72,146.59,149.63,148.3
19998050.0,18325720.0,17117710.0,144.47,143.91,143.5,144.6,144.9,143.95,143.38,143.87,143.18,144.47
27817640.0,16991610.0,21846400.0,173.21,173.71,174.16,175.0,175.3,175.87,172.73,173.17,173.95,173.21
50264540.0,31642900.0,31454590.0,143.78,143.32,147.5,144.5,144.48,147.5,142.2,142.21,143.84,143.78
25247630.0,36059610.0,36592940.0,289.93,289.46,291.12,293.68,292.69,293.97,289.52,285.22,288.12,289.93
29922650.0,25554290.0,23687350.0,120.45,119.4,120.0,120.45,120.09,120.5,119.73,119.37,119.71,120.45
52099200.0,72274300.0,52960810.0,97.06,95.1,98.41,97.88,98.19,98.65,94.94,93.42,95.5,97.06
54794570.0,79868850.0,85349340.0,296.44,303.67,282.28,303.4,304.0,301.44,293.13,285.8,277.72,296.44
26148590.0,39017490.0,23527660.0,185.8,184.85,183.9,188.39,187.33,184.1,185.79,183.74,182.56,185.8
52828890.0,99202400.0,123601900.0,115.97,112.95,117.42,116.5,117.44,117.7,114.12,112.1,113.25,115.97
27074260.0,22751390.0,20400770.0,220.15,219.01,217.15,223.49,220.54,218.74,219.41,218.92,216.33,220.15
40653460.0,30521720.0,35217270.0,316.7,311.64,310.6,317.57,317.07,312.67,312.17,311.15,308.25,316.7
44223040.0,76183460.0,28641180.0,90.0,92.72,93.48,91.67,92.78,93.57,90.0,89.47,92.46,90.0
33136130.0,50303500.0,35131460.0,100.51,97.65,96.86,100.89,100.77,98.23,99.64,97.42,96.65,100.51
49687870.0,70722000.0,80742460.0,98.97,98.55,98.68,99.06,99.11,100.13,97.34,96.76,96.43,98.97
26784530.0,24460160.0,33671250.0,129.13,128.31,127.98,130.5,129.19,129.39,128.9,128.16,127.78,129.13
79356010.0,63000140.0,62285770.0,96.2,97.96,100.32,97.71,100.48,101.19,95.36,95.74,97.3,96.2
